feature,importance,in_primary_517,spearman_rho_vs_volume,abs_rho_vs_volume,importance_rank
log-sigma-3-0-mm-3D_glcm_Imc2,4.314790387825903,True,-0.4804098393551581,0.4804098393551581,1
original_shape_Flatness,3.555861898259201,True,0.21755024415183044,0.21755024415183044,2
lbp-3D-m2_firstorder_Variance,3.4566597404778046,True,0.29048911408456507,0.29048911408456507,3
log-sigma-4-0-mm-3D_firstorder_Minimum,3.3362923683811014,True,0.0488744192999673,0.0488744192999673,4
wavelet-LLL_glcm_SumEntropy,2.8056355956415238,True,0.21730580138840822,0.21730580138840822,5
lbp-3D-m2_glcm_DifferenceVariance,2.331368351748674,True,0.32363710771686555,0.32363710771686555,6
wavelet-LLL_glcm_Correlation,2.2216053708356407,True,-0.06371728048007821,0.06371728048007821,7
log-sigma-5-0-mm-3D_glcm_Correlation,1.968961971802148,True,-0.09267507355089427,0.09267507355089427,8
lbp-3D-m1_glrlm_RunEntropy,1.9588436960673874,True,0.3689216953510807,0.3689216953510807,9
exponential_gldm_SmallDependenceLowGrayLevelEmphasis,1.734627144750165,True,-0.6698526690651033,0.6698526690651033,10
lbp-3D-k_gldm_DependenceNonUniformityNormalized,1.6048190390063684,True,-0.26656203802925843,0.26656203802925843,11
square_glcm_Correlation,1.5102533617338438,True,0.0974176038982285,0.0974176038982285,12
square_gldm_LowGrayLevelEmphasis,1.475625210905969,True,-0.2356319059594974,0.2356319059594974,13
logarithm_glcm_ClusterProminence,1.469893403829523,True,-0.2021167802686557,0.2021167802686557,14
lbp-3D-m2_glcm_ClusterShade,1.4375075534782698,True,-0.11904504152462266,0.11904504152462266,15
logarithm_gldm_LargeDependenceHighGrayLevelEmphasis,1.428038927269071,True,-0.16347641905389979,0.16347641905389979,16
lbp-3D-m1_glcm_DifferenceVariance,1.4201766382488645,True,0.09036408522239422,0.09036408522239422,17
logarithm_firstorder_TotalEnergy,1.408871396566541,True,0.25913325280025246,0.25913325280025246,18
wavelet-LLL_glcm_Imc2,1.2589311934308223,True,-0.470329664792262,0.470329664792262,19
log-sigma-4-0-mm-3D_glcm_Imc1,1.2073115455437688,True,0.4786003102266184,0.4786003102266184,20
lbp-3D-k_gldm_LargeDependenceHighGrayLevelEmphasis,1.1842071297691596,True,0.39146773098172827,0.39146773098172827,21
lbp-3D-k_glszm_LargeAreaHighGrayLevelEmphasis,1.1744616969252788,True,0.6969959419310285,0.6969959419310285,22
original_firstorder_Kurtosis,1.1287397767637146,True,0.12496976109601915,0.12496976109601915,23
log-sigma-5-0-mm-3D_glcm_MCC,1.120710507801385,True,-0.1909772497501728,0.1909772497501728,24
wavelet-LLH_gldm_LargeDependenceHighGrayLevelEmphasis,1.1190988210038428,True,0.2775324238496592,0.2775324238496592,25
logarithm_glcm_Correlation,1.0931631575208316,True,-0.04535892587717991,0.04535892587717991,26
log-sigma-3-0-mm-3D_glcm_MCC,1.0738408341861996,True,-0.26492707659522136,0.26492707659522136,27
wavelet-LLL_glcm_ClusterShade,1.0545823109380181,True,-0.09564020482370111,0.09564020482370111,28
lbp-3D-k_gldm_LargeDependenceLowGrayLevelEmphasis,1.0340115991567285,True,0.16193268873663222,0.16193268873663222,29
original_shape_Sphericity,1.0301130219656107,True,0.1539640514126549,0.1539640514126549,30
wavelet-HLH_glcm_Imc2,0.9854401305055477,True,-0.5444488762909866,0.5444488762909866,31
wavelet-LLH_firstorder_Skewness,0.9798723664988728,True,-0.07554637138851542,0.07554637138851542,32
lbp-3D-k_glrlm_RunLengthNonUniformity,0.9629203688322844,True,0.4873645443174581,0.4873645443174581,33
squareroot_glszm_GrayLevelNonUniformity,0.8974641844762937,True,0.6145158348157136,0.6145158348157136,34
exponential_gldm_DependenceVariance,0.8607550094853983,True,0.5076566770553749,0.5076566770553749,35
original_shape_MajorAxisLength,0.8312871808392327,True,0.6520869087966975,0.6520869087966975,36
lbp-3D-m2_glcm_JointEntropy,0.8288032261357352,True,0.39838301123996406,0.39838301123996406,37
log-sigma-4-0-mm-3D_glszm_SmallAreaLowGrayLevelEmphasis,0.8025052381115328,True,-0.002978304834907432,0.002978304834907432,38
log-sigma-3-0-mm-3D_glcm_InverseVariance,0.8023824415285749,True,0.27624573396448926,0.27624573396448926,39
lbp-3D-k_glrlm_RunEntropy,0.765883748319911,True,0.5961922046706397,0.5961922046706397,40
original_glcm_Imc2,0.6749384141915475,True,-0.4351002723436264,0.4351002723436264,41
lbp-3D-k_firstorder_Median,0.6663332542057928,True,0.25439247412875315,0.25439247412875315,42
gradient_glszm_SizeZoneNonUniformity,0.6655601442746106,True,0.42475283524033614,0.42475283524033614,43
original_shape_SurfaceArea,0.6603189621583317,True,0.8156206052508417,0.8156206052508417,44
lbp-3D-m2_glcm_ClusterProminence,0.6354601602708786,True,0.29138441240065877,0.29138441240065877,45
gradient_glszm_GrayLevelNonUniformity,0.6259279315657811,True,0.7216437492258685,0.7216437492258685,46
log-sigma-3-0-mm-3D_firstorder_InterquartileRange,0.6247469186130915,True,-0.3072745597699876,0.3072745597699876,47
original_glcm_MCC,0.6206974129702413,True,-0.49967145879986485,0.49967145879986485,48
lbp-3D-k_glszm_GrayLevelVariance,0.6175344322349526,True,0.08746427659319257,0.08746427659319257,49
lbp-3D-m2_firstorder_Maximum,0.5740198091034052,True,0.19224954961319954,0.19224954961319954,50
wavelet-LHL_firstorder_Median,0.569562513389544,True,-0.16612221742245387,0.16612221742245387,51
logarithm_glcm_ClusterShade,0.5677724250853378,True,-0.14733446228441857,0.14733446228441857,52
wavelet-LLH_glcm_MCC,0.5633240249835898,True,-0.6238264986681942,0.6238264986681942,53
log-sigma-3-0-mm-3D_firstorder_Median,0.5602723371712879,True,-0.09035803834143,0.09035803834143,54
lbp-3D-m2_glrlm_LongRunLowGrayLevelEmphasis,0.5571471373625297,True,0.3129334325389933,0.3129334325389933,55
log-sigma-3-0-mm-3D_glszm_GrayLevelNonUniformityNormalized,0.5497459391206164,True,0.1898653218019419,0.1898653218019419,56
gradient_firstorder_10Percentile,0.5360076796489468,True,-0.429947873846492,0.429947873846492,57
lbp-3D-m1_glrlm_RunVariance,0.5226610387708153,True,0.07762325903968682,0.07762325903968682,58
wavelet-LLH_firstorder_Range,0.4785811937676875,True,0.12492114609271164,0.12492114609271164,59
log-sigma-4-0-mm-3D_gldm_SmallDependenceLowGrayLevelEmphasis,0.4712728504293445,True,-0.27892229464017076,0.27892229464017076,60
log-sigma-5-0-mm-3D_firstorder_Mean,0.4484958815458865,True,0.07416977014234195,0.07416977014234195,61
wavelet-HHH_glcm_Imc2,0.4456207132682522,True,-0.4858007537125474,0.4858007537125474,62
square_glszm_SmallAreaLowGrayLevelEmphasis,0.4311787769662799,True,-0.024543210033552677,0.024543210033552677,63
lbp-3D-k_firstorder_Range,0.42541064726272393,True,0.3596484674546347,0.3596484674546347,64
gradient_glszm_LargeAreaLowGrayLevelEmphasis,0.4132182872401238,True,0.5720831942841005,0.5720831942841005,65
lbp-3D-m1_gldm_LargeDependenceLowGrayLevelEmphasis,0.41123879815583664,True,0.17540578740499346,0.17540578740499346,66
lbp-3D-m2_gldm_DependenceEntropy,0.4056503605305099,True,0.5427564694877894,0.5427564694877894,67
lbp-3D-k_glszm_GrayLevelNonUniformity,0.4051914277777492,True,-0.08294943476710272,0.08294943476710272,68
wavelet-LLL_glcm_MCC,0.39766587969349954,True,-0.650225093344265,0.650225093344265,69
log-sigma-4-0-mm-3D_glcm_ClusterShade,0.38862040004378723,True,0.07268595673685069,0.07268595673685069,70
gradient_gldm_LargeDependenceEmphasis,0.38563865713655454,True,0.5350534998406316,0.5350534998406316,71
lbp-3D-m2_firstorder_Skewness,0.3846168074774056,True,-0.059023653082764076,0.059023653082764076,72
lbp-3D-m1_firstorder_10Percentile,0.3837141104800351,True,-0.30760448596284384,0.30760448596284384,73
gradient_glcm_Idn,0.38332354960434906,True,0.024790532264100707,0.024790532264100707,74
wavelet-LLL_firstorder_Mean,0.38211372764178064,True,-0.289755377869789,0.289755377869789,75
wavelet-LLH_glcm_ClusterProminence,0.3752096981098317,True,0.027746545224342466,0.027746545224342466,76
gradient_glrlm_ShortRunLowGrayLevelEmphasis,0.35476491257269804,True,0.41578312717451027,0.41578312717451027,77
wavelet-LLL_glcm_DifferenceEntropy,0.35468069042493783,True,-0.013361879250626688,0.013361879250626688,78
lbp-3D-m2_gldm_LargeDependenceEmphasis,0.34574535538427326,True,0.20302510817349373,0.20302510817349373,79
log-sigma-3-0-mm-3D_glcm_JointEntropy,0.342719159019719,True,-0.05271337286322112,0.05271337286322112,80
original_firstorder_Maximum,0.34147830830279147,True,-0.13141947951112964,0.13141947951112964,81
original_glcm_DifferenceEntropy,0.3399992685779147,True,-0.1724105177096031,0.1724105177096031,82
lbp-3D-m2_glrlm_LongRunEmphasis,0.3387703367441302,True,0.050607810518588495,0.050607810518588495,83
lbp-3D-m1_firstorder_Kurtosis,0.33710988508619544,True,0.0004995155596505613,0.0004995155596505613,84
wavelet-HHH_glcm_ClusterProminence,0.3332376251353098,True,-0.0313794729147443,0.0313794729147443,85
log-sigma-3-0-mm-3D_glcm_ClusterProminence,0.33136141355634136,True,-0.21207733696803352,0.21207733696803352,86
wavelet-HHH_glcm_Imc1,0.323273197552344,True,0.590794787516658,0.590794787516658,87
lbp-3D-m2_firstorder_Median,0.30818305343417607,True,-0.1155250572507137,0.1155250572507137,88
exponential_glrlm_RunLengthNonUniformityNormalized,0.3058430247289213,True,-0.5318640692353795,0.5318640692353795,89
log-sigma-3-0-mm-3D_glcm_ClusterShade,0.2998557207433538,True,-0.01298075778096584,0.01298075778096584,90
lbp-3D-m1_glcm_ClusterShade,0.29735037007380455,True,0.006850900172414508,0.006850900172414508,91
wavelet-LLL_firstorder_Range,0.2919041015430595,True,-0.11094663621550867,0.11094663621550867,92
gradient_gldm_DependenceNonUniformityNormalized,0.2906050968071567,True,-0.497692161088699,0.497692161088699,93
wavelet-LLL_glcm_MaximumProbability,0.28935421232872066,True,-0.5966404897110102,0.5966404897110102,94
log-sigma-3-0-mm-3D_glszm_SizeZoneNonUniformity,0.28099754701257496,True,0.08038061372819537,0.08038061372819537,95
lbp-3D-m1_glcm_Autocorrelation,0.27835479817066466,True,-0.2517874922067075,0.2517874922067075,96
squareroot_firstorder_Variance,0.2773811689220627,True,-0.22240569760161533,0.22240569760161533,97
exponential_glcm_ClusterProminence,0.2769646116336169,True,-0.11503379432005603,0.11503379432005603,98
wavelet-LLL_firstorder_10Percentile,0.26962951634429694,True,-0.29165054714976213,0.29165054714976213,99
exponential_glrlm_LongRunLowGrayLevelEmphasis,0.2618416265241265,True,0.703143292302369,0.703143292302369,100
lbp-3D-k_firstorder_10Percentile,0.25605906977058296,True,0.07495284122720704,0.07495284122720704,101
wavelet-LLH_glszm_LowGrayLevelZoneEmphasis,0.25030164161981455,True,-0.7026668844664031,0.7026668844664031,102
wavelet-LLH_firstorder_RootMeanSquared,0.24645721864173187,True,0.1352872277456416,0.1352872277456416,103
gradient_glszm_SizeZoneNonUniformityNormalized,0.2377150621153913,True,0.10133113566004089,0.10133113566004089,104
wavelet-LLL_firstorder_Skewness,0.23695735831219075,True,-0.0015421946014671458,0.0015421946014671458,105
lbp-3D-m1_glszm_HighGrayLevelZoneEmphasis,0.236397555755248,True,0.30715874908113233,0.30715874908113233,106
lbp-3D-m1_gldm_LargeDependenceEmphasis,0.23074872830061052,True,0.07661724521260559,0.07661724521260559,107
logarithm_glcm_MaximumProbability,0.2261228084898319,True,-0.024070881442681675,0.024070881442681675,108
log-sigma-4-0-mm-3D_glszm_LowGrayLevelZoneEmphasis,0.2259805721066882,True,0.03350708717844879,0.03350708717844879,109
log-sigma-5-0-mm-3D_gldm_LargeDependenceHighGrayLevelEmphasis,0.21529551175805556,True,0.27485756685869384,0.27485756685869384,110
log-sigma-5-0-mm-3D_gldm_SmallDependenceLowGrayLevelEmphasis,0.214826306152687,True,-0.2510412543054934,0.2510412543054934,111
lbp-3D-m2_glcm_MaximumProbability,0.21455571638116822,True,-0.24055099563276275,0.24055099563276275,112
lbp-3D-k_glcm_ClusterShade,0.21263132338564755,True,0.07149121783523175,0.07149121783523175,113
wavelet-LLH_gldm_LargeDependenceEmphasis,0.2125642466464958,True,0.5111010369742353,0.5111010369742353,114
gradient_glcm_DifferenceEntropy,0.1968118436316802,True,-0.03147521519667761,0.03147521519667761,115
lbp-3D-k_glszm_ZoneEntropy,0.1962716158914021,True,-0.05535649488485461,0.05535649488485461,116
lbp-3D-m1_glcm_JointEntropy,0.1959056901194232,True,0.19571205352738608,0.19571205352738608,117
lbp-3D-m2_glcm_Imc2,0.19288754871579475,True,-0.358511821802279,0.358511821802279,118
gradient_firstorder_Kurtosis,0.19273819800286884,True,-0.07025297498445363,0.07025297498445363,119
square_firstorder_Kurtosis,0.19164365939277359,True,-0.09812837636267627,0.09812837636267627,120
lbp-3D-k_glcm_DifferenceEntropy,0.18653949237241116,True,0.1648399427202102,0.1648399427202102,121
wavelet-LLH_firstorder_10Percentile,0.1838758437298106,True,0.029519865053774935,0.029519865053774935,122
wavelet-HHH_glszm_LowGrayLevelZoneEmphasis,0.18356233988507503,True,-0.34138321562213764,0.34138321562213764,123
square_gldm_LargeDependenceLowGrayLevelEmphasis,0.1737408821326366,True,-0.10820939077015063,0.10820939077015063,124
wavelet-HHH_glszm_LargeAreaLowGrayLevelEmphasis,0.16934973571108994,True,0.17646068018653538,0.17646068018653538,125
log-sigma-5-0-mm-3D_firstorder_Maximum,0.1682411440466928,True,-0.0040051947986508045,0.0040051947986508045,126
original_glcm_Contrast,0.16274534563313198,True,-0.23247070697098204,0.23247070697098204,127
wavelet-LLH_glcm_Imc1,0.16032859840387526,True,0.7077558387045322,0.7077558387045322,128
wavelet-HHH_firstorder_InterquartileRange,0.1509456695424607,True,-0.16046504833816425,0.16046504833816425,129
logarithm_glszm_SizeZoneNonUniformityNormalized,0.149781277922447,True,-0.33085146862723586,0.33085146862723586,130
original_glcm_Idn,0.14889105185601384,True,0.3074586057104458,0.3074586057104458,131
lbp-3D-m2_glcm_Idn,0.14560825265372157,True,-0.2850574312717861,0.2850574312717861,132
exponential_firstorder_90Percentile,0.14554222298734182,True,-0.22819078701296922,0.22819078701296922,133
log-sigma-5-0-mm-3D_glcm_ClusterShade,0.14289572530623423,True,0.05238772912685096,0.05238772912685096,134
lbp-3D-k_firstorder_90Percentile,0.14274451495767596,True,0.24734440244489855,0.24734440244489855,135
gradient_glszm_ZoneEntropy,0.13999974483917332,True,0.0780435892533775,0.0780435892533775,136
original_shape_Elongation,0.13771871953201323,True,0.13105772245788988,0.13105772245788988,137
lbp-3D-k_gldm_DependenceNonUniformity,0.13720528259724823,True,0.7671571578964061,0.7671571578964061,138
wavelet-HLH_glrlm_LongRunHighGrayLevelEmphasis,0.1334895166150717,True,0.1563467864637065,0.1563467864637065,139
log-sigma-3-0-mm-3D_gldm_LargeDependenceHighGrayLevelEmphasis,0.12684397069109596,True,0.14635568341723565,0.14635568341723565,140
lbp-3D-k_glszm_SizeZoneNonUniformity,0.12584483636445565,True,-0.10401852368620422,0.10401852368620422,141
lbp-3D-k_glszm_HighGrayLevelZoneEmphasis,0.12546155739622125,True,-0.06281421677167716,0.06281421677167716,142
square_firstorder_10Percentile,0.1247714288623242,True,0.2327552703096906,0.2327552703096906,143
wavelet-LLL_gldm_LargeDependenceEmphasis,0.12233776293176533,True,0.44216440489108483,0.44216440489108483,144
wavelet-HHH_firstorder_Variance,0.12048366916605105,True,-0.09687791977217282,0.09687791977217282,145
exponential_firstorder_Maximum,0.1200856720890553,True,-0.10847003053615556,0.10847003053615556,146
original_glrlm_LongRunLowGrayLevelEmphasis,0.11865134737773901,True,-0.0947063696392403,0.0947063696392403,147
log-sigma-5-0-mm-3D_glszm_SmallAreaLowGrayLevelEmphasis,0.11795835878166462,True,-0.017885018198533265,0.017885018198533265,148
square_gldm_DependenceNonUniformityNormalized,0.11443785164878613,True,-0.018135051927291434,0.018135051927291434,149
log-sigma-3-0-mm-3D_glszm_LargeAreaEmphasis,0.11207449148311728,True,0.5247253366259377,0.5247253366259377,150
wavelet-LLH_glcm_Idn,0.11206907986762207,True,0.44961101098633405,0.44961101098633405,151
lbp-3D-k_glrlm_HighGrayLevelRunEmphasis,0.11176781003370914,True,0.41334952153756926,0.41334952153756926,152
wavelet-LHH_firstorder_Maximum,0.1098402124445839,True,0.15615858929147516,0.15615858929147516,153
wavelet-LHL_glszm_LowGrayLevelZoneEmphasis,0.10527179335068196,True,-0.7776644774118573,0.7776644774118573,154
lbp-3D-m2_glszm_LargeAreaLowGrayLevelEmphasis,0.10417469397119339,True,0.7646997726601178,0.7646997726601178,155
log-sigma-5-0-mm-3D_firstorder_Skewness,0.10383561084672377,True,0.047782909294808794,0.047782909294808794,156
log-sigma-5-0-mm-3D_glrlm_LongRunHighGrayLevelEmphasis,0.10219869471465719,True,-0.02904523288920328,0.02904523288920328,157
log-sigma-3-0-mm-3D_glcm_MaximumProbability,0.10079733912318128,True,0.09341327293971545,0.09341327293971545,158
original_glszm_LargeAreaEmphasis,0.09999134922422129,True,0.3826889979431298,0.3826889979431298,159
log-sigma-3-0-mm-3D_glszm_ZoneEntropy,0.0989553815204323,True,0.21775291064636898,0.21775291064636898,160
squareroot_firstorder_Kurtosis,0.09627115845915239,True,0.20278244108146576,0.20278244108146576,161
log-sigma-3-0-mm-3D_firstorder_90Percentile,0.09592343551004176,True,-0.34788507638778476,0.34788507638778476,162
lbp-3D-m1_glszm_SizeZoneNonUniformity,0.09565572744618991,True,0.49564257556225466,0.49564257556225466,163
lbp-3D-m2_firstorder_Kurtosis,0.09550733349117162,True,0.010286200435747983,0.010286200435747983,164
wavelet-HHH_glcm_JointEntropy,0.09338934589163794,True,0.12942607241104745,0.12942607241104745,165
square_firstorder_Skewness,0.09169275388049593,True,-0.15183910065604178,0.15183910065604178,166
logarithm_gldm_SmallDependenceLowGrayLevelEmphasis,0.09155361710966266,True,-0.12193065151363827,0.12193065151363827,167
wavelet-LLL_glcm_Contrast,0.08844309914840862,True,-0.19480816480103372,0.19480816480103372,168
wavelet-LLL_gldm_DependenceNonUniformityNormalized,0.08793717000819784,True,-0.4372368849420991,0.4372368849420991,169
wavelet-HLL_glszm_ZonePercentage,0.08668578354972127,True,-0.47123159883325416,0.47123159883325416,170
wavelet-HLH_glszm_LowGrayLevelZoneEmphasis,0.08454514555703649,True,-0.37411462234801096,0.37411462234801096,171
lbp-3D-m2_glszm_LowGrayLevelZoneEmphasis,0.08242201417778848,True,0.307327130151378,0.307327130151378,172
wavelet-LHH_glcm_JointEntropy,0.07885047166749741,True,0.6953736741479044,0.6953736741479044,173
wavelet-HHH_glcm_Idn,0.07797766578509623,True,0.35952853764884446,0.35952853764884446,174
wavelet-HLH_glcm_MCC,0.07504755509776916,True,-0.051466755562218774,0.051466755562218774,175
logarithm_firstorder_Mean,0.07069533465106269,True,-0.16140238687429484,0.16140238687429484,176
wavelet-HHH_gldm_SmallDependenceLowGrayLevelEmphasis,0.07010648671502609,True,-0.5520123245992431,0.5520123245992431,177
log-sigma-4-0-mm-3D_firstorder_Maximum,0.06760338885323777,True,-0.16830070227204774,0.16830070227204774,178
wavelet-HHH_gldm_LargeDependenceHighGrayLevelEmphasis,0.06686435875552334,True,0.39890966577727544,0.39890966577727544,179
original_gldm_LargeDependenceLowGrayLevelEmphasis,0.06477439931053404,True,0.04442389091475001,0.04442389091475001,180
wavelet-HLL_firstorder_Skewness,0.06437535850486258,True,-0.41735701990992075,0.41735701990992075,181
log-sigma-3-0-mm-3D_gldm_DependenceNonUniformity,0.06031023845885897,True,0.5903646502022427,0.5903646502022427,182
wavelet-HLH_glszm_ZonePercentage,0.059983910523454906,True,-0.3727457128808171,0.3727457128808171,183
square_firstorder_Minimum,0.059807123208982946,True,0.0037709741435252276,0.0037709741435252276,184
lbp-3D-k_glcm_Correlation,0.05954444094141934,True,0.035340275928538806,0.035340275928538806,185
wavelet-LLH_firstorder_InterquartileRange,0.05880332622089053,True,-0.32288136757413627,0.32288136757413627,186
lbp-3D-m1_glszm_LargeAreaLowGrayLevelEmphasis,0.057953026723444365,True,0.8424591585081775,0.8424591585081775,187
logarithm_glcm_MCC,0.05571398065809693,True,-0.4281259150181927,0.4281259150181927,188
wavelet-HLH_glrlm_RunEntropy,0.0556556341246096,True,0.04389682845292916,0.04389682845292916,189
wavelet-LHH_firstorder_RootMeanSquared,0.054209826444126794,True,-0.11899443488988648,0.11899443488988648,190
log-sigma-4-0-mm-3D_gldm_LargeDependenceLowGrayLevelEmphasis,0.05187810559029908,True,0.21877812092095558,0.21877812092095558,191
lbp-3D-m2_glszm_HighGrayLevelZoneEmphasis,0.05030249503985473,True,-0.11817873396285618,0.11817873396285618,192
gradient_firstorder_Maximum,0.04348438665743588,True,-0.14408445573063122,0.14408445573063122,193
wavelet-HHH_glcm_MCC,0.042377358864356,True,-0.24212539227492025,0.24212539227492025,194
log-sigma-4-0-mm-3D_gldm_LargeDependenceEmphasis,0.04094558922761269,True,0.48826874498608247,0.48826874498608247,195
lbp-3D-m1_glcm_Imc2,0.03659179171125427,True,-0.34538337135331826,0.34538337135331826,196
lbp-3D-m1_glszm_SmallAreaLowGrayLevelEmphasis,0.036114634893757415,True,0.02568741428711358,0.02568741428711358,197
exponential_glrlm_RunVariance,0.03500382695718076,True,0.7234579088794267,0.7234579088794267,198
wavelet-HLH_glcm_ClusterProminence,0.03297093184744949,True,0.07266716821385474,0.07266716821385474,199
lbp-3D-k_firstorder_Kurtosis,0.032419918511576114,True,-0.06739839125371867,0.06739839125371867,200
logarithm_gldm_LowGrayLevelEmphasis,0.030316307404018392,True,0.03178151851218606,0.03178151851218606,201
lbp-3D-k_glszm_ZoneVariance,0.03009326317409072,True,0.8218085197642789,0.8218085197642789,202
log-sigma-3-0-mm-3D_firstorder_Maximum,0.025777236408325844,True,-0.2515581906412552,0.2515581906412552,203
gradient_glcm_ClusterProminence,0.025247205544569502,True,-0.03369466046613618,0.03369466046613618,204
wavelet-LLH_firstorder_Entropy,0.025061746167217475,True,0.12745970830638853,0.12745970830638853,205
square_glcm_Idn,0.021207512380363353,True,0.005232543665469585,0.005232543665469585,206
squareroot_glrlm_LongRunLowGrayLevelEmphasis,0.021013038119718726,True,-0.04131682590819993,0.04131682590819993,207
gradient_glcm_Correlation,0.01613615016854622,True,0.008600056473549526,0.008600056473549526,208
gradient_gldm_DependenceNonUniformity,0.01608362035646274,True,0.5312212042039821,0.5312212042039821,209
wavelet-HLL_glrlm_LongRunHighGrayLevelEmphasis,0.01314390135148507,True,0.3387173569659404,0.3387173569659404,210
log-sigma-5-0-mm-3D_glszm_LowGrayLevelZoneEmphasis,0.012933765119414232,True,0.032232635028563564,0.032232635028563564,211
logarithm_glszm_SmallAreaLowGrayLevelEmphasis,0.011031824244570552,True,0.022744310937819222,0.022744310937819222,212
log-sigma-3-0-mm-3D_gldm_LargeDependenceLowGrayLevelEmphasis,0.010489816156732022,True,0.18630433052060513,0.18630433052060513,213
wavelet-HLL_glrlm_LongRunLowGrayLevelEmphasis,0.009687333123415477,True,-0.5050373937799376,0.5050373937799376,214
wavelet-LHH_glszm_ZoneEntropy,0.008360432176762682,True,0.3919103530700846,0.3919103530700846,215
gradient_gldm_DependenceEntropy,0.007384158146416248,True,0.575518998454181,0.575518998454181,216
wavelet-HHH_glrlm_LongRunHighGrayLevelEmphasis,0.005003979285043072,True,0.2054436445991429,0.2054436445991429,217
lbp-3D-m1_gldm_DependenceNonUniformity,0.004935458412444879,True,0.8827932222863372,0.8827932222863372,218
log-sigma-5-0-mm-3D_firstorder_TotalEnergy,0.004419497063601723,True,0.9789711196046653,0.9789711196046653,219
wavelet-LHL_glcm_Correlation,0.00339939414341928,True,-0.034082932612492796,0.034082932612492796,220
gradient_firstorder_Minimum,0.0021430030869406718,True,-0.42087474491973065,0.42087474491973065,221
wavelet-HLH_firstorder_RootMeanSquared,0.001861507172601129,True,0.2591964091125453,0.2591964091125453,222
wavelet-HLH_glcm_ClusterShade,0.001338251820440761,True,0.20296703891978982,0.20296703891978982,223
lbp-3D-m1_glszm_SmallAreaHighGrayLevelEmphasis,0.0013166010497370957,True,0.3745167879232496,0.3745167879232496,224
log-sigma-3-0-mm-3D_glszm_SmallAreaEmphasis,0.0007780505024901468,True,-0.27560778802276525,0.27560778802276525,225
log-sigma-4-0-mm-3D_gldm_DependenceNonUniformityNormalized,0.0,True,-0.49080668331521543,0.49080668331521543,226
square_firstorder_Variance,0.0,True,0.0249886396023567,0.0249886396023567,227
square_glcm_ClusterProminence,0.0,True,0.005758550322677634,0.005758550322677634,228
wavelet-LHL_gldm_SmallDependenceLowGrayLevelEmphasis,0.0,True,-0.8694972108462135,0.8694972108462135,229
original_firstorder_TotalEnergy,0.0,True,0.9122082987322918,0.9122082987322918,230
wavelet-LHH_gldm_LargeDependenceLowGrayLevelEmphasis,0.0,True,-0.3227978390319283,0.3227978390319283,231
wavelet-HHH_glcm_JointEnergy,0.0,True,-0.005045234328935393,0.005045234328935393,232
wavelet-HLL_glcm_MaximumProbability,0.0,True,-0.03327968126218763,0.03327968126218763,233
log-sigma-3-0-mm-3D_glszm_LowGrayLevelZoneEmphasis,0.0,True,1.749276278931927e-05,1.749276278931927e-05,234
log-sigma-5-0-mm-3D_gldm_LowGrayLevelEmphasis,0.0,True,-0.006618599162039475,0.006618599162039475,235
wavelet-LHL_glcm_Imc2,0.0,True,-0.6226841900638245,0.6226841900638245,236
lbp-3D-m2_glszm_ZonePercentage,0.0,True,-0.4359023519170659,0.4359023519170659,237
wavelet-LHH_firstorder_Range,0.0,True,0.12148582183381879,0.12148582183381879,238
wavelet-HHH_glszm_LargeAreaEmphasis,0.0,True,0.37693364465974205,0.37693364465974205,239
wavelet-LHL_glcm_MCC,0.0,True,-0.10371449459563642,0.10371449459563642,240
gradient_glszm_SmallAreaLowGrayLevelEmphasis,0.0,True,0.046155458470858175,0.046155458470858175,241
lbp-3D-m1_glcm_InverseVariance,0.0,True,0.020223721398119288,0.020223721398119288,242
wavelet-LHL_glcm_Idn,0.0,True,0.5119248391892907,0.5119248391892907,243
gradient_glszm_GrayLevelNonUniformityNormalized,0.0,True,0.0763224385171395,0.0763224385171395,244
log-sigma-4-0-mm-3D_gldm_LowGrayLevelEmphasis,0.0,True,-0.03030975087750444,0.03030975087750444,245
log-sigma-4-0-mm-3D_glcm_Idn,0.0,True,0.17594288001063588,0.17594288001063588,246
wavelet-HHL_glcm_Correlation,0.0,True,-0.1340388107776856,0.1340388107776856,247
wavelet-LHH_glcm_Imc2,0.0,True,-0.5200106228341698,0.5200106228341698,248
wavelet-LHH_glszm_LargeAreaLowGrayLevelEmphasis,0.0,True,-0.3256218284244515,0.3256218284244515,249
wavelet-HLH_glcm_Idn,0.0,True,0.34645280544384555,0.34645280544384555,250
wavelet-LHH_glcm_Idn,0.0,True,0.47149548904482586,0.47149548904482586,251
wavelet-HLL_glcm_Imc2,0.0,True,-0.5975358840093413,0.5975358840093413,252
gradient_glszm_LowGrayLevelZoneEmphasis,0.0,True,0.13838954163143408,0.13838954163143408,253
exponential_gldm_DependenceNonUniformityNormalized,0.0,True,0.284245637502341,0.284245637502341,254
log-sigma-5-0-mm-3D_gldm_DependenceNonUniformityNormalized,0.0,True,-0.402126438481319,0.402126438481319,255
logarithm_glcm_Idn,0.0,True,0.2792674467663183,0.2792674467663183,256
lbp-3D-m1_glcm_Correlation,0.0,True,-0.2071941926427221,0.2071941926427221,257
wavelet-HHH_glszm_SizeZoneNonUniformityNormalized,0.0,True,-0.06572155756856034,0.06572155756856034,258
wavelet-HHL_glszm_SizeZoneNonUniformityNormalized,0.0,True,-0.09101441396472981,0.09101441396472981,259
lbp-3D-m1_glszm_ZonePercentage,0.0,True,-0.529433511758528,0.529433511758528,260
lbp-3D-m2_glcm_InverseVariance,0.0,True,-0.19117602896409147,0.19117602896409147,261
log-sigma-3-0-mm-3D_glrlm_LongRunHighGrayLevelEmphasis,0.0,True,-0.1029343509690159,0.1029343509690159,262
gradient_gldm_LargeDependenceHighGrayLevelEmphasis,0.0,True,-0.10584126901476253,0.10584126901476253,263
gradient_firstorder_Variance,0.0,True,-0.029558209957667024,0.029558209957667024,264
wavelet-HLH_firstorder_Variance,0.0,True,-0.055170062228287374,0.055170062228287374,265
gradient_glszm_LargeAreaEmphasis,0.0,True,0.5626280080608623,0.5626280080608623,266
square_gldm_LargeDependenceHighGrayLevelEmphasis,0.0,True,0.34077879147686996,0.34077879147686996,267
log-sigma-5-0-mm-3D_glszm_GrayLevelNonUniformityNormalized,0.0,True,0.11777202206876959,0.11777202206876959,268
wavelet-LHH_glszm_LargeAreaEmphasis,0.0,True,0.4061676629823651,0.4061676629823651,269
square_firstorder_RobustMeanAbsoluteDeviation,0.0,True,0.07338420351930117,0.07338420351930117,270
wavelet-LHH_glszm_GrayLevelNonUniformity,0.0,True,0.831340456135238,0.831340456135238,271
wavelet-HHH_glszm_GrayLevelNonUniformity,0.0,True,0.8597991727410158,0.8597991727410158,272
wavelet-HHL_glszm_GrayLevelNonUniformity,0.0,True,0.8194621428377814,0.8194621428377814,273
wavelet-HLH_glszm_GrayLevelNonUniformity,0.0,True,0.9090251503472234,0.9090251503472234,274
lbp-3D-m2_firstorder_Minimum,0.0,True,-0.3407277363187337,0.3407277363187337,275
wavelet-LLL_firstorder_Kurtosis,0.0,True,0.0019236280133999566,0.0019236280133999566,276
log-sigma-5-0-mm-3D_glcm_JointEntropy,0.0,True,0.045179151146291605,0.045179151146291605,277
gradient_glcm_JointEntropy,0.0,True,-0.14703408587207742,0.14703408587207742,278
lbp-3D-m1_glrlm_HighGrayLevelRunEmphasis,0.0,True,-0.2829356479290114,0.2829356479290114,279
lbp-3D-m2_firstorder_Range,0.0,True,0.334523737406068,0.334523737406068,280
square_glcm_DifferenceAverage,0.0,True,0.004541327581917966,0.004541327581917966,281
exponential_glszm_ZoneEntropy,0.0,True,-0.09824348870613496,0.09824348870613496,282
log-sigma-3-0-mm-3D_firstorder_Kurtosis,0.0,True,0.2305317217995777,0.2305317217995777,283
logarithm_glcm_SumEntropy,0.0,True,-0.06437000768638146,0.06437000768638146,284
lbp-3D-m1_firstorder_Median,0.0,True,-0.19694279772088089,0.19694279772088089,285
square_glcm_JointEntropy,0.0,True,0.18997718682181824,0.18997718682181824,286
lbp-3D-m1_firstorder_90Percentile,0.0,True,-0.15645508302637132,0.15645508302637132,287
lbp-3D-m2_glcm_Autocorrelation,0.0,True,-0.1874873355936864,0.1874873355936864,288
lbp-3D-m2_firstorder_InterquartileRange,0.0,True,0.1101975428427282,0.1101975428427282,289
wavelet-LHH_gldm_LargeDependenceEmphasis,0.0,True,0.3980727582091329,0.3980727582091329,290
wavelet-HLL_glcm_DifferenceAverage,0.0,True,-0.08689725479403308,0.08689725479403308,291
log-sigma-5-0-mm-3D_gldm_LargeDependenceLowGrayLevelEmphasis,0.0,True,0.17113021064322873,0.17113021064322873,292
exponential_glcm_Correlation,0.0,True,0.09919348978060132,0.09919348978060132,293
lbp-3D-m2_glszm_GrayLevelVariance,0.0,True,0.12414296913350414,0.12414296913350414,294
wavelet-LHL_firstorder_Entropy,0.0,True,-0.23153984723588455,0.23153984723588455,295
exponential_gldm_DependenceEntropy,0.0,True,-0.2898844739792629,0.2898844739792629,296
wavelet-LHH_firstorder_Entropy,0.0,True,-0.1227122108782623,0.1227122108782623,297
wavelet-HLH_firstorder_Skewness,0.0,True,0.17266703023939436,0.17266703023939436,298
log-sigma-4-0-mm-3D_firstorder_Skewness,0.0,True,0.12760545733407347,0.12760545733407347,299
log-sigma-5-0-mm-3D_firstorder_Kurtosis,0.0,True,-0.12902357089797745,0.12902357089797745,300
wavelet-LLL_glcm_JointEntropy,0.0,True,0.9471587667986735,0.9471587667986735,301
square_glszm_ZoneEntropy,0.0,True,0.25672625548131833,0.25672625548131833,302
wavelet-HLL_glcm_JointEntropy,0.0,True,0.22896728331456365,0.22896728331456365,303
lbp-3D-m2_firstorder_90Percentile,0.0,True,-0.17279112277831174,0.17279112277831174,304
exponential_glszm_GrayLevelNonUniformity,0.0,True,-0.011754536859312947,0.011754536859312947,305
squareroot_glcm_JointEntropy,0.0,True,0.448150905193512,0.448150905193512,306
lbp-3D-m2_glrlm_ShortRunHighGrayLevelEmphasis,0.0,True,-0.33675140078579097,0.33675140078579097,307
original_firstorder_Skewness,0.0,True,0.027895245705831368,0.027895245705831368,308
logarithm_gldm_LargeDependenceLowGrayLevelEmphasis,0.0,True,0.15378823594906457,0.15378823594906457,309
logarithm_gldm_GrayLevelNonUniformity,0.0,True,0.49510793532551867,0.49510793532551867,310
log-sigma-5-0-mm-3D_glszm_SizeZoneNonUniformity,0.0,True,0.1893574940467415,0.1893574940467415,311
lbp-3D-m2_glrlm_LongRunHighGrayLevelEmphasis,0.0,True,-0.05581443897992576,0.05581443897992576,312
wavelet-HHH_firstorder_Kurtosis,0.0,True,0.22200405992868305,0.22200405992868305,313
square_glszm_GrayLevelNonUniformity,0.0,True,0.6000270741997205,0.6000270741997205,314
logarithm_gldm_LargeDependenceEmphasis,0.0,True,0.30716829080815816,0.30716829080815816,315
wavelet-HLL_gldm_LargeDependenceEmphasis,0.0,True,0.40704538418122804,0.40704538418122804,316
wavelet-LHL_firstorder_Kurtosis,0.0,True,0.4471482027536255,0.4471482027536255,317
original_shape_Maximum2DDiameterColumn,0.0,True,0.6998618359065559,0.6998618359065559,318
lbp-3D-m1_firstorder_Variance,0.0,True,0.11641918346591483,0.11641918346591483,319
exponential_firstorder_Variance,0.0,True,-0.1884610993889585,0.1884610993889585,320
wavelet-LHH_firstorder_Median,0.0,True,-0.11324505087089268,0.11324505087089268,321
wavelet-HLH_gldm_LargeDependenceEmphasis,0.0,True,0.3601421847307251,0.3601421847307251,322
wavelet-HLH_firstorder_90Percentile,0.0,True,-0.13042193611651018,0.13042193611651018,323
square_glcm_DifferenceVariance,0.0,True,-0.036012535520178815,0.036012535520178815,324
wavelet-HLH_firstorder_10Percentile,0.0,True,0.1837582816924011,0.1837582816924011,325
gradient_glszm_GrayLevelVariance,0.0,True,-0.1771651898099845,0.1771651898099845,326
log-sigma-5-0-mm-3D_glcm_Contrast,0.0,True,-0.046799739240259035,0.046799739240259035,327
wavelet-HHL_gldm_LargeDependenceEmphasis,0.0,True,0.4073115909170096,0.4073115909170096,328
log-sigma-3-0-mm-3D_firstorder_Skewness,0.0,True,0.10887020447996554,0.10887020447996554,329
wavelet-LHL_glszm_ZoneEntropy,0.0,True,0.3855333651954603,0.3855333651954603,330
wavelet-HLL_glszm_ZoneEntropy,0.0,True,0.5898665193019738,0.5898665193019738,331
lbp-3D-m1_firstorder_Skewness,0.0,True,-0.02471276265614435,0.02471276265614435,332
lbp-3D-k_gldm_DependenceEntropy,0.0,True,0.453885339979011,0.453885339979011,333
log-sigma-3-0-mm-3D_gldm_DependenceEntropy,0.0,True,0.3429376959500082,0.3429376959500082,334
square_gldm_DependenceEntropy,0.0,True,0.5871738096148282,0.5871738096148282,335
wavelet-LLH_glszm_ZoneEntropy,0.0,True,0.5700258390182658,0.5700258390182658,336
wavelet-HLH_glszm_ZoneEntropy,0.0,True,0.5373634195256152,0.5373634195256152,337
square_glrlm_RunEntropy,0.0,True,0.26009197137979223,0.26009197137979223,338
exponential_firstorder_Median,0.0,True,-0.21166782875162404,0.21166782875162404,339
log-sigma-4-0-mm-3D_gldm_DependenceEntropy,0.0,True,0.4631175354689142,0.4631175354689142,340
exponential_glrlm_RunEntropy,0.0,True,0.4461480198474741,0.4461480198474741,341
log-sigma-4-0-mm-3D_glszm_ZoneEntropy,0.0,True,0.23418626948898258,0.23418626948898258,342
log-sigma-5-0-mm-3D_glszm_ZoneEntropy,0.0,True,0.3072783030772511,0.3072783030772511,343
wavelet-LLH_glcm_SumEntropy,0.0,True,0.5041827919325554,0.5041827919325554,344
wavelet-HLH_glszm_SizeZoneNonUniformity,0.0,True,0.595269738525459,0.595269738525459,345
wavelet-HLL_firstorder_InterquartileRange,0.0,True,-0.32349063882239915,0.32349063882239915,346
wavelet-HLL_firstorder_10Percentile,0.0,True,0.07706512232846656,0.07706512232846656,347
gradient_firstorder_Median,0.0,True,-0.41758504971072574,0.41758504971072574,348
log-sigma-3-0-mm-3D_gldm_LargeDependenceEmphasis,0.0,True,0.45734436431635894,0.45734436431635894,349
wavelet-HLL_firstorder_Kurtosis,0.0,True,0.38415227677968244,0.38415227677968244,350
wavelet-LHL_firstorder_RootMeanSquared,0.0,True,-0.11252153676441319,0.11252153676441319,351
square_firstorder_Median,0.0,True,0.21508913960383796,0.21508913960383796,352
gradient_firstorder_InterquartileRange,0.0,True,0.030312462375714586,0.030312462375714586,353
square_glszm_SizeZoneNonUniformity,0.0,True,0.3422888847712625,0.3422888847712625,354
wavelet-HLL_firstorder_90Percentile,0.0,True,-0.42474400487448366,0.42474400487448366,355
exponential_glrlm_RunLengthNonUniformity,0.0,True,0.26143389904265896,0.26143389904265896,356
gradient_gldm_SmallDependenceHighGrayLevelEmphasis,0.0,True,-0.20350103609827194,0.20350103609827194,357
wavelet-HLL_gldm_GrayLevelNonUniformity,0.0,True,0.813533015580186,0.813533015580186,358
gradient_glszm_SmallAreaHighGrayLevelEmphasis,0.0,True,-0.05275572502552997,0.05275572502552997,359
log-sigma-3-0-mm-3D_gldm_GrayLevelNonUniformity,0.0,True,0.7160387218741733,0.7160387218741733,360
log-sigma-4-0-mm-3D_glszm_SizeZoneNonUniformity,0.0,True,0.10184545770174896,0.10184545770174896,361
original_firstorder_Minimum,0.0,True,-0.276467956839924,0.276467956839924,362
wavelet-HLL_firstorder_Entropy,0.0,True,-0.18244061354006932,0.18244061354006932,363
wavelet-LHH_glcm_Imc1,0.0,True,0.6225022317370325,0.6225022317370325,364
log-sigma-4-0-mm-3D_glcm_MCC,0.0,True,-0.18235698901562383,0.18235698901562383,365
wavelet-LLL_glcm_Imc1,0.0,True,0.6328156911282382,0.6328156911282382,366
wavelet-HLL_glcm_MCC,0.0,True,0.14212644208063718,0.14212644208063718,367
lbp-3D-m2_glrlm_RunEntropy,0.0,True,0.6475486766419398,0.6475486766419398,368
log-sigma-5-0-mm-3D_glcm_MaximumProbability,0.0,True,0.0033661210656357973,0.0033661210656357973,369
wavelet-HLL_glcm_Correlation,0.0,True,-0.442103088402487,0.442103088402487,370
exponential_firstorder_10Percentile,0.0,True,-0.21471255329490024,0.21471255329490024,371
gradient_glrlm_LongRunLowGrayLevelEmphasis,0.0,True,0.4635359220422949,0.4635359220422949,372
lbp-3D-k_firstorder_Minimum,0.0,True,-0.51701532914322,0.51701532914322,373
lbp-3D-m1_gldm_DependenceEntropy,0.0,True,0.37770987701018344,0.37770987701018344,374
square_glcm_Imc2,0.0,True,-0.22146176028665476,0.22146176028665476,375
log-sigma-3-0-mm-3D_glcm_Correlation,0.0,True,-0.10956072469229508,0.10956072469229508,376
wavelet-HLL_gldm_DependenceEntropy,0.0,True,0.5313696407343179,0.5313696407343179,377
wavelet-HHH_gldm_DependenceEntropy,0.0,True,0.4642510616985502,0.4642510616985502,378
exponential_glszm_SmallAreaEmphasis,0.0,True,-0.5481313346766981,0.5481313346766981,379
wavelet-HLH_gldm_DependenceEntropy,0.0,True,0.5850805090010397,0.5850805090010397,380
lbp-3D-m2_gldm_LargeDependenceHighGrayLevelEmphasis,0.0,True,0.14376505083970031,0.14376505083970031,381
wavelet-LLL_firstorder_InterquartileRange,0.0,True,-0.13917774776600683,0.13917774776600683,382
gradient_glrlm_LongRunHighGrayLevelEmphasis,0.0,True,-0.2272465377557367,0.2272465377557367,383
log-sigma-5-0-mm-3D_firstorder_InterquartileRange,0.0,True,-0.07862970478683691,0.07862970478683691,384
log-sigma-4-0-mm-3D_gldm_DependenceNonUniformity,0.0,True,0.5935547807523099,0.5935547807523099,385
wavelet-HHH_gldm_GrayLevelNonUniformity,0.0,True,0.7491332294046117,0.7491332294046117,386
log-sigma-5-0-mm-3D_glcm_Idn,0.0,True,-0.05875139946601837,0.05875139946601837,387
wavelet-LLH_firstorder_Median,0.0,True,0.013940388191762076,0.013940388191762076,388
square_glrlm_LongRunHighGrayLevelEmphasis,0.0,True,0.1949974657689966,0.1949974657689966,389
log-sigma-5-0-mm-3D_firstorder_90Percentile,0.0,True,0.01410415788454274,0.01410415788454274,390
exponential_gldm_DependenceNonUniformity,0.0,True,0.7414929713107742,0.7414929713107742,391
gradient_gldm_GrayLevelNonUniformity,0.0,True,0.780467326716565,0.780467326716565,392
wavelet-HHH_firstorder_Maximum,0.0,True,0.12183992430361576,0.12183992430361576,393
wavelet-HHH_glszm_SizeZoneNonUniformity,0.0,True,0.5590053264743166,0.5590053264743166,394
wavelet-HLL_glszm_LargeAreaEmphasis,0.0,True,0.47830091137297936,0.47830091137297936,395
wavelet-HHL_glszm_SizeZoneNonUniformity,0.0,True,0.5968605601470997,0.5968605601470997,396
wavelet-LHL_firstorder_InterquartileRange,0.0,True,-0.39757431289767925,0.39757431289767925,397
wavelet-LLH_firstorder_90Percentile,0.0,True,0.08417325489745378,0.08417325489745378,398
logarithm_firstorder_Kurtosis,0.0,True,0.22421489079232354,0.22421489079232354,399
square_firstorder_Range,0.0,True,0.0359086347480557,0.0359086347480557,400
wavelet-LHH_glszm_SizeZoneNonUniformityNormalized,0.0,True,-0.3386525689556096,0.3386525689556096,401
lbp-3D-m1_glrlm_LongRunLowGrayLevelEmphasis,0.0,True,0.24568539746036086,0.24568539746036086,402
square_glszm_ZonePercentage,0.0,True,-0.13889477280072188,0.13889477280072188,403
log-sigma-4-0-mm-3D_glcm_Idm,0.0,True,0.3118581435319769,0.3118581435319769,404
lbp-3D-m1_glszm_SmallAreaEmphasis,0.0,True,0.26979107246414613,0.26979107246414613,405
wavelet-LLH_glcm_Correlation,0.0,True,0.12892871645174125,0.12892871645174125,406
original_glszm_SizeZoneNonUniformityNormalized,0.0,True,-0.37308125358323446,0.37308125358323446,407
wavelet-HHL_glszm_ZonePercentage,0.0,True,-0.45244458975091484,0.45244458975091484,408
wavelet-HLH_gldm_LargeDependenceLowGrayLevelEmphasis,0.0,True,-0.04643863006712259,0.04643863006712259,409
lbp-3D-m2_gldm_SmallDependenceHighGrayLevelEmphasis,0.0,True,-0.33316236097349844,0.33316236097349844,410
log-sigma-5-0-mm-3D_glszm_ZonePercentage,0.0,True,-0.46125975862025287,0.46125975862025287,411
log-sigma-3-0-mm-3D_glszm_ZonePercentage,0.0,True,-0.5049424208976243,0.5049424208976243,412
wavelet-LHH_glcm_MCC,0.0,True,-0.3109647888561931,0.3109647888561931,413
lbp-3D-k_glcm_ClusterProminence,0.0,True,0.18142123418641248,0.18142123418641248,414
gradient_glszm_ZonePercentage,0.0,True,-0.320781473168131,0.320781473168131,415
log-sigma-3-0-mm-3D_glcm_Idmn,0.0,True,0.2367391090604916,0.2367391090604916,416
gradient_glcm_Imc2,0.0,True,-0.5075430580817022,0.5075430580817022,417
lbp-3D-m2_glszm_GrayLevelNonUniformityNormalized,0.0,True,0.11585194784183424,0.11585194784183424,418
square_glcm_Imc1,0.0,True,0.31576435664817787,0.31576435664817787,419
square_glcm_InverseVariance,0.0,True,0.0915661427696246,0.0915661427696246,420
log-sigma-5-0-mm-3D_glcm_InverseVariance,0.0,True,0.08931101610336532,0.08931101610336532,421
square_glszm_LowGrayLevelZoneEmphasis,0.0,True,-0.15865815872115668,0.15865815872115668,422
exponential_glcm_Imc1,0.0,True,0.11222351221966873,0.11222351221966873,423
wavelet-HLH_glcm_Imc1,0.0,True,0.6347143397643217,0.6347143397643217,424
square_glszm_GrayLevelNonUniformityNormalized,0.0,True,-0.08290466058635197,0.08290466058635197,425
wavelet-HHL_glcm_Imc1,0.0,True,0.6951571622156024,0.6951571622156024,426
wavelet-LLH_glszm_SizeZoneNonUniformityNormalized,0.0,True,-0.4381370063656285,0.4381370063656285,427
wavelet-HLH_glszm_SizeZoneNonUniformityNormalized,0.0,True,-0.1477687716843457,0.1477687716843457,428
wavelet-LHH_gldm_LargeDependenceHighGrayLevelEmphasis,0.0,True,0.26157993601705654,0.26157993601705654,429
wavelet-HLL_glcm_Imc1,0.0,True,0.6869928651004261,0.6869928651004261,430
log-sigma-5-0-mm-3D_glcm_Imc2,0.0,True,-0.3952593892974406,0.3952593892974406,431
log-sigma-4-0-mm-3D_glszm_SmallAreaEmphasis,0.0,True,-0.2669386003426367,0.2669386003426367,432
wavelet-HHL_glcm_Imc2,0.0,True,-0.6159304479113469,0.6159304479113469,433
lbp-3D-m1_glszm_LowGrayLevelZoneEmphasis,0.0,True,-0.0101314296855086,0.0101314296855086,434
square_glszm_LargeAreaEmphasis,0.0,True,0.17603379918513348,0.17603379918513348,435
exponential_firstorder_Kurtosis,0.0,True,0.14098878861478747,0.14098878861478747,436
wavelet-LHL_glszm_SizeZoneNonUniformity,0.0,True,0.6656605488588685,0.6656605488588685,437
wavelet-HHH_firstorder_Range,0.0,True,0.1675296529624329,0.1675296529624329,438
wavelet-HLH_glszm_LargeAreaEmphasis,0.0,True,0.42108183164924073,0.42108183164924073,439
original_glszm_SizeZoneNonUniformity,0.0,True,0.4590492803402081,0.4590492803402081,440
wavelet-LLL_firstorder_Minimum,0.0,True,-0.30308356735504366,0.30308356735504366,441
wavelet-LLH_glszm_SizeZoneNonUniformity,0.0,True,0.8836844173617765,0.8836844173617765,442
wavelet-HLL_glcm_ClusterTendency,0.0,True,-0.025845760983473964,0.025845760983473964,443
wavelet-HLH_firstorder_Range,0.0,True,0.18668849942630747,0.18668849942630747,444
exponential_gldm_LargeDependenceLowGrayLevelEmphasis,0.0,True,0.713811622021272,0.713811622021272,445
wavelet-LHH_glszm_SizeZoneNonUniformity,0.0,True,0.6579296115461272,0.6579296115461272,446
logarithm_firstorder_Minimum,0.0,True,0.13919540849771186,0.13919540849771186,447
squareroot_firstorder_Median,0.0,True,-0.17981636318384012,0.17981636318384012,448
square_glrlm_RunLengthNonUniformity,0.0,True,0.7993310038044843,0.7993310038044843,449
wavelet-LHL_firstorder_Maximum,0.0,True,0.22562170244775867,0.22562170244775867,450
logarithm_glszm_SizeZoneNonUniformity,0.0,True,0.2308000641401442,0.2308000641401442,451
wavelet-LLH_firstorder_Maximum,0.0,True,0.06424897408485976,0.06424897408485976,452
lbp-3D-m1_gldm_LargeDependenceHighGrayLevelEmphasis,0.0,True,0.06432631177274724,0.06432631177274724,453
wavelet-HLL_glcm_ClusterShade,0.0,True,-0.4055297046728778,0.4055297046728778,454
logarithm_firstorder_Range,0.0,True,-0.17025684426841,0.17025684426841,455
square_glszm_LargeAreaHighGrayLevelEmphasis,0.0,True,0.4718270596843634,0.4718270596843634,456
wavelet-LHH_glrlm_LongRunHighGrayLevelEmphasis,0.0,True,0.06745518874277534,0.06745518874277534,457
gradient_glszm_LargeAreaHighGrayLevelEmphasis,0.0,True,0.33093084593767086,0.33093084593767086,458
log-sigma-4-0-mm-3D_gldm_LargeDependenceHighGrayLevelEmphasis,0.0,True,0.25600413587463056,0.25600413587463056,459
wavelet-LLH_glcm_Contrast,0.0,True,-0.06844119027333216,0.06844119027333216,460
wavelet-HHH_glszm_GrayLevelNonUniformityNormalized,0.0,True,-0.02380894677343335,0.02380894677343335,461
gradient_glcm_Imc1,0.0,True,0.502897445798711,0.502897445798711,462
lbp-3D-k_gldm_SmallDependenceLowGrayLevelEmphasis,0.0,True,-0.5408195719300514,0.5408195719300514,463
wavelet-HHL_gldm_SmallDependenceLowGrayLevelEmphasis,0.0,True,-0.6673954517977307,0.6673954517977307,464
wavelet-LHH_gldm_SmallDependenceLowGrayLevelEmphasis,0.0,True,-0.6807338393957227,0.6807338393957227,465
wavelet-HLL_gldm_SmallDependenceLowGrayLevelEmphasis,0.0,True,-0.6996249194124559,0.6996249194124559,466
wavelet-LLL_glcm_ClusterProminence,0.0,True,-0.16148898684810364,0.16148898684810364,467
wavelet-LHH_glszm_LowGrayLevelZoneEmphasis,0.0,True,-0.5775086622469996,0.5775086622469996,468
wavelet-HLH_gldm_LargeDependenceHighGrayLevelEmphasis,0.0,True,0.3303095289185983,0.3303095289185983,469
log-sigma-3-0-mm-3D_gldm_SmallDependenceLowGrayLevelEmphasis,0.0,True,-0.3647213926590966,0.3647213926590966,470
wavelet-HLH_gldm_SmallDependenceLowGrayLevelEmphasis,0.0,True,-0.546835498622658,0.546835498622658,471
original_glcm_MaximumProbability,0.0,True,-0.20045991088890308,0.20045991088890308,472
gradient_gldm_SmallDependenceLowGrayLevelEmphasis,0.0,True,-0.06825524868368274,0.06825524868368274,473
wavelet-HLL_glcm_JointEnergy,0.0,True,-0.055777989725224825,0.055777989725224825,474
wavelet-LHL_glcm_MaximumProbability,0.0,True,-0.1737081975609699,0.1737081975609699,475
wavelet-LLL_firstorder_Uniformity,0.0,True,0.03380465611034227,0.03380465611034227,476
exponential_glszm_ZonePercentage,0.0,True,-0.6248013880457874,0.6248013880457874,477
lbp-3D-k_glszm_ZonePercentage,0.0,True,-0.4951937266043388,0.4951937266043388,478
log-sigma-3-0-mm-3D_glszm_SmallAreaLowGrayLevelEmphasis,0.0,True,-0.02128907624355166,0.02128907624355166,479
exponential_glcm_Idmn,0.0,True,0.13462419721837104,0.13462419721837104,480
squareroot_glszm_SmallAreaLowGrayLevelEmphasis,0.0,True,-0.03450976562277594,0.03450976562277594,481
square_gldm_SmallDependenceLowGrayLevelEmphasis,0.0,True,-0.33992344576714695,0.33992344576714695,482
original_glszm_SmallAreaLowGrayLevelEmphasis,0.0,True,-0.08551969372548435,0.08551969372548435,483
wavelet-LHH_firstorder_Variance,0.0,True,-0.1513268434543595,0.1513268434543595,484
gradient_glcm_JointEnergy,0.0,True,0.28417816198935947,0.28417816198935947,485
lbp-3D-k_gldm_SmallDependenceHighGrayLevelEmphasis,0.0,True,-0.42262757254145106,0.42262757254145106,486
wavelet-HLH_glszm_LargeAreaHighGrayLevelEmphasis,0.0,True,0.46875337250091337,0.46875337250091337,487
lbp-3D-m1_glszm_LargeAreaHighGrayLevelEmphasis,0.0,True,0.7174905971901274,0.7174905971901274,488
log-sigma-3-0-mm-3D_glszm_LargeAreaHighGrayLevelEmphasis,0.0,True,0.6510664496428685,0.6510664496428685,489
log-sigma-5-0-mm-3D_glszm_LargeAreaHighGrayLevelEmphasis,0.0,True,0.6341159145088994,0.6341159145088994,490
wavelet-LLL_gldm_LargeDependenceHighGrayLevelEmphasis,0.0,True,-0.032436333332155516,0.032436333332155516,491
wavelet-LLH_glcm_ClusterShade,0.0,True,-0.001844898583068329,0.001844898583068329,492
wavelet-HLL_glcm_Idn,0.0,True,0.3606986571065377,0.3606986571065377,493
wavelet-HHL_glszm_LargeAreaHighGrayLevelEmphasis,0.0,True,0.511064934323285,0.511064934323285,494
lbp-3D-m2_glszm_LargeAreaHighGrayLevelEmphasis,0.0,True,0.6762187629557684,0.6762187629557684,495
exponential_glszm_ZoneVariance,0.0,True,-0.01909241926148957,0.01909241926148957,496
wavelet-HHH_glszm_LargeAreaHighGrayLevelEmphasis,0.0,True,0.539430972904187,0.539430972904187,497
wavelet-LHH_glcm_ClusterProminence,0.0,True,-0.10101468222291395,0.10101468222291395,498
exponential_glszm_LargeAreaLowGrayLevelEmphasis,0.0,True,0.7322130420156259,0.7322130420156259,499
wavelet-LHL_glrlm_GrayLevelNonUniformity,0.0,True,0.7936029038466622,0.7936029038466622,500
original_shape_LeastAxisLength,0.0,True,0.695567174338759,0.695567174338759,501
lbp-3D-m2_glszm_SizeZoneNonUniformity,0.0,True,0.28629957539668005,0.28629957539668005,502
original_gldm_LargeDependenceEmphasis,0.0,True,0.3673783217848695,0.3673783217848695,503
lbp-3D-m2_gldm_LargeDependenceLowGrayLevelEmphasis,0.0,True,0.26327047116662183,0.26327047116662183,504
log-sigma-5-0-mm-3D_gldm_DependenceVariance,0.0,True,0.4029838238135895,0.4029838238135895,505
log-sigma-3-0-mm-3D_glszm_GrayLevelNonUniformity,0.0,True,0.6242364897036105,0.6242364897036105,506
lbp-3D-m2_gldm_DependenceVariance,0.0,True,0.19761778085348722,0.19761778085348722,507
wavelet-HLL_firstorder_Median,0.0,True,-0.19885129657906708,0.19885129657906708,508
wavelet-HHH_gldm_DependenceVariance,0.0,True,0.2866517922193493,0.2866517922193493,509
log-sigma-5-0-mm-3D_glszm_GrayLevelNonUniformity,0.0,True,0.6005263379285429,0.6005263379285429,510
log-sigma-4-0-mm-3D_glszm_GrayLevelNonUniformity,0.0,True,0.5329773479607356,0.5329773479607356,511
wavelet-LHL_glszm_LargeAreaEmphasis,0.0,True,0.5037981852445977,0.5037981852445977,512
wavelet-HLH_firstorder_Kurtosis,0.0,True,0.28402492634714743,0.28402492634714743,513
lbp-3D-m1_glrlm_LongRunHighGrayLevelEmphasis,0.0,True,-0.15845726789801237,0.15845726789801237,514
lbp-3D-k_glrlm_LongRunHighGrayLevelEmphasis,0.0,True,0.36064068383507136,0.36064068383507136,515
wavelet-HLL_glszm_GrayLevelNonUniformity,0.0,True,0.8400553097677278,0.8400553097677278,516
wavelet-LLL_glcm_Idn,0.0,True,0.177403993616952,0.177403993616952,517
