feature,slope_vs_MeshVolume,intercept,train_r2
logarithm_firstorder_TotalEnergy,335269.50127050356,3193315180.155448,0.048638674323657316
log-sigma-5-0-mm-3D_firstorder_TotalEnergy,1219299.6847708584,125363519.42124176,0.9608286125213897
original_firstorder_TotalEnergy,787320.7025313404,1253966859.2333622,0.815669704579187
logarithm_glcm_ClusterProminence,-54632.3692412767,1477993827.2776577,0.02210229687932741
wavelet-LLL_glcm_ClusterProminence,-3677.1856310232483,108723106.14719206,0.011539790770328295
wavelet-LLH_glcm_ClusterProminence,-18.033680079988553,12866482.384856604,2.5277876540830135e-05
logarithm_glcm_ClusterShade,-58.58295493796152,1380576.9536291691,0.015846914191469885
wavelet-LHH_glcm_ClusterProminence,-52.87395003162064,1283418.1363891102,0.030676930205509878
wavelet-LLL_glcm_ClusterShade,-8.342124013993569,226728.81639915396,0.01660589511686883
exponential_glszm_LargeAreaLowGrayLevelEmphasis,34.13281429285773,-228833.14367369292,0.6623971724579236
log-sigma-3-0-mm-3D_glcm_ClusterProminence,-2.3517174728614463,58799.387837762726,0.032287313215115576
logarithm_gldm_LargeDependenceHighGrayLevelEmphasis,-1.2455986435963433,41021.471714342835,0.009981525225743915
lbp-3D-k_glszm_LargeAreaHighGrayLevelEmphasis,7.091774813061467,-47600.165293724865,0.3585820833638126
wavelet-LLH_glcm_ClusterShade,-0.27436026157439514,-6038.447192518356,0.0006461369941237471
square_glcm_ClusterProminence,-0.6218872447788765,14353.844746459767,0.003548362728272081
wavelet-HHL_glszm_LargeAreaHighGrayLevelEmphasis,3.6045463438925873,-16907.23780906876,0.1422604124385337
squareroot_firstorder_Variance,-1.8702915144038461,51422.7055917331,0.04056177856506182
lbp-3D-m2_glszm_LargeAreaHighGrayLevelEmphasis,4.855946215003366,-16605.04793566157,0.4995101729423469
exponential_glszm_ZoneVariance,1.0373727186995814,-82.05238764215756,0.02360591987496574
wavelet-HLH_glcm_ClusterProminence,0.2865990025041139,15851.256475772338,0.0018777230023471203
wavelet-HHH_glszm_LargeAreaHighGrayLevelEmphasis,1.8813825284515553,-9966.506433436372,0.2093727271195408
lbp-3D-k_glszm_ZoneVariance,2.5067524988279413,-14889.161948566987,0.705681692398578
wavelet-HLH_glszm_LargeAreaHighGrayLevelEmphasis,1.2232857417450502,-6343.47761097972,0.1830645946416909
lbp-3D-m1_glszm_LargeAreaHighGrayLevelEmphasis,1.7918129920558996,-6973.6047753177645,0.5175542888636051
wavelet-HHH_glcm_ClusterProminence,-0.25700860393659786,8966.509731020164,0.011941160789883165
wavelet-LLH_gldm_LargeDependenceHighGrayLevelEmphasis,0.641465526391439,5951.1322291624465,0.07736708724490549
log-sigma-3-0-mm-3D_glszm_LargeAreaHighGrayLevelEmphasis,0.9239479909936432,-5313.889933628959,0.20792728029265217
log-sigma-5-0-mm-3D_glszm_LargeAreaHighGrayLevelEmphasis,0.834719397213416,-3831.992742200455,0.2614658041215261
wavelet-LLL_gldm_LargeDependenceHighGrayLevelEmphasis,-0.06397010568447349,10366.007679944247,0.0015380633073418526
wavelet-LHH_gldm_LargeDependenceHighGrayLevelEmphasis,0.4447887573482627,1878.0958723831955,0.0809261639126233
wavelet-HLL_glcm_ClusterShade,-0.36757832261789586,4331.679395544658,0.12975654363043188
square_glszm_LargeAreaHighGrayLevelEmphasis,0.3588752109899895,-1284.9943875307204,0.12962906541359542
gradient_glcm_ClusterProminence,-0.06861136238330554,4772.021030759228,0.004979562442866348
wavelet-HLH_gldm_LargeDependenceHighGrayLevelEmphasis,0.298409486390247,748.9765978984224,0.1208383743161523
wavelet-LHH_firstorder_Variance,-0.16620455407156481,5960.996612704759,0.04478338891749678
wavelet-HHH_gldm_LargeDependenceHighGrayLevelEmphasis,0.24315231532318426,848.5919197164226,0.10080793630016815
wavelet-HLL_glrlm_LongRunHighGrayLevelEmphasis,0.16056897569551487,740.2756903968022,0.05432707510287926
wavelet-LHH_glrlm_LongRunHighGrayLevelEmphasis,0.03385925908483123,2210.5270829625088,0.003731648420534195
gradient_glszm_LargeAreaHighGrayLevelEmphasis,0.12178268298603966,106.38955732245404,0.09140251587648696
log-sigma-3-0-mm-3D_gldm_LargeDependenceHighGrayLevelEmphasis,0.029373005987063383,1802.9003937944885,0.007255252174454774
log-sigma-4-0-mm-3D_gldm_LargeDependenceHighGrayLevelEmphasis,0.0435937674142311,1663.4960551199147,0.019550284288769038
wavelet-LLH_glcm_Contrast,-0.03145564553256646,2368.6298362826565,0.011464003795217392
log-sigma-5-0-mm-3D_gldm_LargeDependenceHighGrayLevelEmphasis,0.06242388237084493,1587.4558942527826,0.05017849046151679
original_shape_SurfaceArea,0.18547584425127503,1783.5810917126946,0.6908284476267927
square_glszm_LargeAreaEmphasis,0.0189218780443399,233.41498551540812,0.008199372327323706
wavelet-LLL_glcm_Contrast,-0.027802476511453414,1275.668490910641,0.031579637739208355
log-sigma-4-0-mm-3D_glcm_ClusterShade,0.011137197557495019,-112.37231579359414,0.007964630655070137
wavelet-HLH_glrlm_LongRunHighGrayLevelEmphasis,0.02435460999403312,375.21482084652473,0.03907749197552812
log-sigma-3-0-mm-3D_glcm_ClusterShade,0.0014819538786122971,121.53765604858606,0.0001642262402130612
logarithm_firstorder_Range,-0.017885179734420765,1219.1324744903586,0.028767831744215266
log-sigma-5-0-mm-3D_glcm_ClusterShade,0.011170912780378761,-234.43657269462386,0.011293050408303307
wavelet-HHH_glrlm_LongRunHighGrayLevelEmphasis,0.013353866610956772,303.47545417628066,0.019045645296376867
exponential_glcm_ClusterProminence,0.0007503849039150875,6.983594912035924,6.038132173158406e-05
wavelet-HLH_firstorder_Variance,-0.008975462178542823,813.0180052424301,0.00975117820998983
lbp-3D-m2_glszm_LargeAreaLowGrayLevelEmphasis,0.06262268582963253,-271.74229896560286,0.5903350063442907
gradient_glszm_LargeAreaEmphasis,0.017765412268421512,-97.55279445823804,0.04925245309553128
square_gldm_LargeDependenceHighGrayLevelEmphasis,0.019324780966027837,184.4291687182004,0.0650096338465378
square_firstorder_Variance,-0.00472298463339504,236.66516100145745,0.004114181311784759
wavelet-LLL_firstorder_Range,-0.009786049222355622,867.778224519854,0.019507096523540324
wavelet-HLH_glcm_ClusterShade,0.010689884253125868,-69.91923340485008,0.0322094248752689
wavelet-HHH_firstorder_Variance,-0.010171427265780644,522.054393405349,0.029409990029802047
original_glcm_Contrast,-0.011629165974276401,338.28922138972837,0.04828168678450684
logarithm_firstorder_Mean,-0.006108742432984753,-252.28999423936486,0.013957254881514336
log-sigma-3-0-mm-3D_glrlm_LongRunHighGrayLevelEmphasis,-0.007312563305098696,351.2509257908399,0.02188081085417448
wavelet-LLH_firstorder_Range,0.004891250411014868,654.5461580176941,0.01171556613731306
gradient_gldm_LargeDependenceHighGrayLevelEmphasis,-0.004615997035903967,504.89648706140645,0.012665342527187318
gradient_glszm_LargeAreaLowGrayLevelEmphasis,0.003197949326063137,-13.90672825021932,0.006095873574414545
lbp-3D-m1_glszm_LargeAreaLowGrayLevelEmphasis,0.03448366620211566,-163.23471413133495,0.7187348027184028
gradient_firstorder_Variance,-0.0007409095737655284,342.2418625422427,0.0003318916748181744
log-sigma-3-0-mm-3D_glszm_LargeAreaEmphasis,0.010534777384665623,-60.406111934042514,0.06710870178476269
wavelet-LHH_firstorder_Range,0.004888734620275194,367.02077083961666,0.014886316854021087
wavelet-LLL_firstorder_Mean,-0.009327295520850539,-53.989844424298454,0.05707054123342603
log-sigma-5-0-mm-3D_glrlm_LongRunHighGrayLevelEmphasis,-0.002362664996287984,263.2853047936983,0.004679747031309245
original_firstorder_Maximum,-0.004349937892106568,183.545078110973,0.017717330038074408
wavelet-HHH_glszm_LargeAreaEmphasis,0.005561987194840906,-10.968834984907168,0.0317123592359142
lbp-3D-m2_gldm_LargeDependenceHighGrayLevelEmphasis,0.0034175434273643036,474.77597789666146,0.01287894408593071
wavelet-LLL_firstorder_InterquartileRange,-0.003842781288833345,262.3892420898195,0.0171276171860143
logarithm_firstorder_Minimum,0.0048560077314600625,-617.3660502037214,0.028448424366932068
squareroot_firstorder_Median,-0.0016718171032892456,-206.3495904151795,0.0033808972385558356
square_glrlm_RunLengthNonUniformity,0.02371262711963132,-0.7383290984865312,0.6837129274929257
wavelet-LHL_firstorder_Maximum,0.006104673419656264,274.1177115120189,0.05429741580695813
wavelet-LLL_firstorder_10Percentile,-0.0056844188013672895,-279.7620326823746,0.05633546279366697
logarithm_glszm_SizeZoneNonUniformity,0.006507497868057248,99.13535385569783,0.0809236596446008
wavelet-LLH_firstorder_Maximum,0.000809454740070108,368.3653091324742,0.001311710169880409
lbp-3D-m1_gldm_LargeDependenceHighGrayLevelEmphasis,0.0009399491351463901,354.49305640371693,0.0017850092035442966
wavelet-LLL_firstorder_Minimum,-0.005935298416786227,-397.7226300069908,0.07611844623978781
wavelet-LLH_glszm_SizeZoneNonUniformity,0.018973784894161294,66.86997039332661,0.7922080285468951
wavelet-HLL_glcm_ClusterTendency,-0.0018027198027371224,155.96029658045398,0.007425202156895683
wavelet-LHH_firstorder_Maximum,0.0029301527156992357,170.68234249336933,0.020124406873412215
lbp-3D-k_gldm_LargeDependenceLowGrayLevelEmphasis,0.0038379852148643185,166.22789611568126,0.03684776880480978
wavelet-HLH_firstorder_Range,0.003881884306681974,170.93189125860903,0.043547508662601486
exponential_gldm_LargeDependenceLowGrayLevelEmphasis,0.011806115565096448,202.5577421979843,0.43131781599082264
wavelet-LHH_glszm_SizeZoneNonUniformity,0.011780852279615586,73.68951005252765,0.4357841315720955
log-sigma-4-0-mm-3D_firstorder_Minimum,0.0018290554754289028,-53.840454812716246,0.010701457111886858
wavelet-LLH_firstorder_10Percentile,0.0006031530370157009,-171.35915649087255,0.0012301124190741142
exponential_firstorder_Kurtosis,0.00294638845774761,-10.841875664859675,0.029873424287889416
wavelet-LLH_firstorder_InterquartileRange,-0.00511363735221183,252.0984823126193,0.09482597077093713
wavelet-LHL_glszm_SizeZoneNonUniformity,0.011096239163822479,81.45877383361295,0.4684759811065363
wavelet-HHH_firstorder_Range,0.0023044252059268512,148.1437954599509,0.020826242055441258
wavelet-HLH_glszm_LargeAreaEmphasis,0.002143872176008904,-3.7310523070107884,0.0186303495283503
original_glszm_SizeZoneNonUniformity,0.007436773212281426,70.06483476995432,0.24080606187759357
lbp-3D-k_gldm_LargeDependenceHighGrayLevelEmphasis,0.006137650656688633,180.5549292339254,0.19208560803976815
wavelet-LLH_firstorder_90Percentile,0.0008844118252200599,207.26588352388896,0.004171995097230319
logarithm_firstorder_Kurtosis,0.002200461705331726,0.602751399128767,0.03482896627725052
square_firstorder_Range,5.376364384853414e-05,59.01766112306255,2.3112929545487937e-05
square_gldm_LargeDependenceLowGrayLevelEmphasis,-0.0008169631202751768,40.8009144529213,0.00605272468014606
lbp-3D-k_glrlm_RunLengthNonUniformity,0.0051079627063041816,28.560629691070787,0.24897438618386625
wavelet-HLH_glszm_SizeZoneNonUniformity,0.006169575379522803,36.57047234321854,0.3687626744197148
log-sigma-3-0-mm-3D_firstorder_Maximum,-0.002278939674179498,229.78424090792586,0.0526265478536011
log-sigma-4-0-mm-3D_firstorder_Maximum,-0.001381606142045322,222.7453065754367,0.02158830488829311
wavelet-HHH_firstorder_Maximum,0.0010657236627887431,77.61858468561115,0.013735979727623304
wavelet-HHH_glszm_SizeZoneNonUniformity,0.005177420678757063,29.344200344569245,0.3430929820897358
log-sigma-5-0-mm-3D_firstorder_Mean,0.000490908219392043,85.65687144266163,0.0032611488533033084
wavelet-HLL_glszm_LargeAreaEmphasis,0.0012980159326511933,-0.23825936697345362,0.02365973312334768
log-sigma-5-0-mm-3D_firstorder_Maximum,-0.000255916076278547,197.00474519673307,0.0009409477079695971
wavelet-HHL_glszm_SizeZoneNonUniformity,0.005072677227419201,37.70947629675896,0.38743602698587953
wavelet-LHL_firstorder_InterquartileRange,-0.0031977477199284835,118.09664064217715,0.15567648000602352
gradient_glszm_SizeZoneNonUniformity,0.0033297952469036928,20.203267673520564,0.17901644803740535
wavelet-LLH_firstorder_Median,9.99394009199749e-05,27.847248142043707,0.00016918064226489893
square_glrlm_LongRunHighGrayLevelEmphasis,0.0007999061955149631,28.73677561089,0.010884206128224827
log-sigma-5-0-mm-3D_firstorder_90Percentile,-7.264227525426991e-05,147.68906230872568,9.013935383517246e-05
exponential_gldm_DependenceNonUniformity,0.005477353961663066,-21.28631253357119,0.5202636022016964
log-sigma-3-0-mm-3D_firstorder_InterquartileRange,-0.0019650749611508883,82.85869283310404,0.0717630475214649
gradient_gldm_GrayLevelNonUniformity,0.005135206996538296,-11.228742164775745,0.509695307387507
log-sigma-3-0-mm-3D_firstorder_90Percentile,-0.002372726163366751,153.26027339564254,0.11543537598334475
log-sigma-3-0-mm-3D_firstorder_Median,-0.000934302446150332,77.26524494849764,0.01845217589650383
gradient_glrlm_LongRunHighGrayLevelEmphasis,-0.0015425246767412355,85.09005810360487,0.054719305560021136
log-sigma-3-0-mm-3D_gldm_DependenceNonUniformity,0.004030069503997741,35.15328257508916,0.37445628678188025
gradient_firstorder_Maximum,-0.0009657086600667321,116.93389231295902,0.02297327865015497
log-sigma-5-0-mm-3D_firstorder_InterquartileRange,-0.0005841047724106781,69.38259362428005,0.00872124220189996
log-sigma-4-0-mm-3D_gldm_DependenceNonUniformity,0.00354914774924024,41.06753005067352,0.33211860298116946
wavelet-HHH_gldm_GrayLevelNonUniformity,0.003925529809956489,-1.433792609460646,0.4326034325423095
gradient_gldm_DependenceNonUniformity,0.0029100903755891975,39.66998953255334,0.2572543105425541
log-sigma-3-0-mm-3D_glszm_SizeZoneNonUniformity,0.0005134700588072805,40.19289661424521,0.008205443213599839
gradient_glszm_SmallAreaHighGrayLevelEmphasis,-0.00038341484819630535,65.01059412386464,0.004666726104124441
log-sigma-3-0-mm-3D_gldm_GrayLevelNonUniformity,0.004037951536269832,-12.064605608974297,0.536883862011353
log-sigma-4-0-mm-3D_glszm_SizeZoneNonUniformity,0.0005723579654085187,37.54017921531464,0.012236332526756155
wavelet-LLH_firstorder_RootMeanSquared,0.0005334666690512687,1033.4791462982664,0.010914437238438879
original_firstorder_Minimum,-0.0012791719822368213,-144.43764598544305,0.06524276065136458
logarithm_gldm_GrayLevelNonUniformity,0.002310468805362458,-7.060249801705588,0.25669621694545275
log-sigma-5-0-mm-3D_glszm_SizeZoneNonUniformity,0.0008980974948228029,28.15516337924825,0.03927483568043744
lbp-3D-m1_gldm_DependenceNonUniformity,0.003945211149911781,0.5318252369841545,0.7971830399168987
square_glszm_SizeZoneNonUniformity,0.0016177012910610913,6.371562661756336,0.1371580685231908
wavelet-HLL_firstorder_90Percentile,-0.0016039183227599411,65.04246511754893,0.1616535141275699
exponential_glrlm_RunLengthNonUniformity,0.000593074933289258,40.068854985340515,0.02441349046750918
gradient_gldm_SmallDependenceHighGrayLevelEmphasis,-0.0008472108921803525,35.22317927085217,0.05423803212244305
wavelet-HLL_gldm_GrayLevelNonUniformity,0.002659684609536368,-4.390976367645241,0.6006802009973864
square_firstorder_Kurtosis,0.0002184743491171432,1.9876605315056608,0.004224164142447306
squareroot_firstorder_Kurtosis,0.0005946967694863355,2.8514733753790518,0.033170788658323125
wavelet-LHL_firstorder_Median,-0.0006281918201254069,18.844718579960627,0.037160387536328
gradient_gldm_LargeDependenceEmphasis,0.0013524273549269281,2.542945406257175,0.1733504172949729
wavelet-LHL_firstorder_RootMeanSquared,-0.0003019029957524168,1024.2266785083723,0.00899623262103244
exponential_firstorder_Maximum,-6.99370361470166e-05,6.212063591300742,0.000606755524938718
lbp-3D-m1_gldm_LargeDependenceEmphasis,0.0001995747095758518,41.766844364359265,0.005006833909350195
log-sigma-4-0-mm-3D_gldm_LargeDependenceEmphasis,0.001016572287121369,2.8405037402061044,0.1413589925944292
square_firstorder_Median,0.0005157136694606066,10.62297853095906,0.037798561622180316
gradient_firstorder_InterquartileRange,0.00013648962330780977,22.96104142352439,0.0027940017628299563
wavelet-HLL_firstorder_InterquartileRange,-0.0008450691865358381,43.22325869146295,0.10867860356092218
wavelet-HLL_firstorder_10Percentile,0.0001990156867949915,-30.48836308838825,0.006127930265771631
lbp-3D-m2_gldm_LargeDependenceEmphasis,0.0004708416188137188,46.99973523406117,0.0351737622747319
exponential_glrlm_LongRunLowGrayLevelEmphasis,0.001624962674332794,3.1413224248033877,0.5086917580567114
gradient_firstorder_Median,-0.0009330405461501005,36.298181722453734,0.1800048969737994
log-sigma-3-0-mm-3D_gldm_LargeDependenceEmphasis,0.0007896031214832502,5.2143929102394075,0.12928415170641694
wavelet-HLL_firstorder_Kurtosis,0.0006370948247243849,3.87754275056815,0.0877070238777129
lbp-3D-k_gldm_DependenceNonUniformity,0.0016373013737711417,5.9835903962129215,0.5826371945917126
wavelet-HLH_firstorder_90Percentile,-0.00031591077133487957,32.240172961105316,0.02276299673820459
square_glcm_DifferenceVariance,-0.00019094190089448176,7.0077988096023525,0.009591840682291464
wavelet-HLH_firstorder_10Percentile,0.0003971545488157572,-33.49198171655257,0.041852657217026246
gradient_glszm_GrayLevelVariance,-0.00035442433924268916,22.5636904349035,0.03916147229017086
log-sigma-5-0-mm-3D_glcm_Contrast,-9.900986313308502e-05,15.737971215523778,0.0033368479504979343
wavelet-HHL_gldm_LargeDependenceEmphasis,0.00042242364699209955,6.425645941169428,0.06223793117426191
wavelet-LHL_glrlm_GrayLevelNonUniformity,0.0013037447022021327,-3.4730755659702996,0.6144279126918466
wavelet-HHH_firstorder_InterquartileRange,-0.0002909119710240563,23.057051388915227,0.033685662663120786
square_firstorder_10Percentile,0.0002680014060232813,1.1602318932083335,0.02891586330594831
lbp-3D-m1_firstorder_Variance,0.00023632743093605105,23.228402728868414,0.026109482131175477
exponential_firstorder_Variance,-9.732050320054884e-05,2.61204259784095,0.004527936626006368
wavelet-LHH_firstorder_RootMeanSquared,-0.00028766510942206737,1005.32991488708,0.04643508025250487
wavelet-LHH_firstorder_Median,-0.0002711471652162217,4.216855052336901,0.041331199766129534
original_shape_MajorAxisLength,0.0008762794262061083,36.218015379814034,0.4331457463989924
wavelet-HLH_gldm_LargeDependenceEmphasis,0.0002501726520553434,5.689663896137981,0.04275909150762158
exponential_gldm_DependenceVariance,0.0005815286840093835,17.251821342410917,0.23988027006793322
logarithm_gldm_LargeDependenceEmphasis,0.0002442091955021897,2.667179340680618,0.04324793227496693
wavelet-HLL_gldm_LargeDependenceEmphasis,0.0002917964289234478,5.233219114919394,0.06668154484534938
gradient_firstorder_Kurtosis,-8.794457290606232e-05,6.852311580585422,0.0062103445828264325
squareroot_glszm_GrayLevelNonUniformity,0.000740534564065739,-0.6977491591614875,0.45158564497333586
original_firstorder_Kurtosis,0.00013793780912329533,2.682234960897749,0.01631943366745947
wavelet-HHH_glszm_LargeAreaLowGrayLevelEmphasis,5.961064419889711e-05,-0.05324512739514997,0.0030958319138725265
wavelet-LHL_firstorder_Kurtosis,0.00045395432421332726,2.502867803074227,0.18209204128789747
original_shape_Maximum2DDiameterColumn,0.0006608786638936744,40.22760975881581,0.39011431227410653
lbp-3D-m2_glrlm_LongRunHighGrayLevelEmphasis,-8.854651905482915e-05,23.294342807613106,0.007541476316313411
original_glszm_LargeAreaEmphasis,0.0002514207192272499,1.623510862377659,0.06081463524006059
lbp-3D-m1_glszm_SizeZoneNonUniformity,0.0005296724914213,2.3881467703216117,0.27183860014354766
lbp-3D-m2_firstorder_Variance,0.0003295123039953518,13.430563881133502,0.11202602448255194
lbp-3D-k_glszm_GrayLevelNonUniformity,-4.092200147682402e-05,5.967172881315374,0.0017582058311952364
wavelet-HHH_firstorder_Kurtosis,0.00013553895517145608,5.436270361411238,0.021728150222933618
gradient_firstorder_10Percentile,-0.00038089207116429134,13.659441467629375,0.17523109292961603
square_glszm_GrayLevelNonUniformity,0.0005872089865829354,3.2472905929827798,0.4403459714314779
wavelet-HLL_firstorder_Median,-0.00018865766594905963,5.808374514001982,0.046199772085586566
gradient_glszm_GrayLevelNonUniformity,0.0006444198831678041,3.753023671172487,0.560754363078219
wavelet-LHH_glszm_LargeAreaEmphasis,0.00014805990564345641,1.2770821705081465,0.030328567671089823
square_firstorder_RobustMeanAbsoluteDeviation,2.6210083909752215e-05,6.398519964947227,0.0009514414066191801
wavelet-LHH_glszm_GrayLevelNonUniformity,0.0006858633128378609,0.8678288573858612,0.7314774033626326
wavelet-HHH_glszm_GrayLevelNonUniformity,0.0006665755364349191,3.5268141389735526,0.7728237007179924
wavelet-HHL_glszm_GrayLevelNonUniformity,0.000618514870459181,3.0038885962117368,0.7257291439401012
wavelet-HLH_glszm_GrayLevelNonUniformity,0.0006646926778837303,3.137902170638057,0.8431900923613932
log-sigma-5-0-mm-3D_glszm_GrayLevelNonUniformity,0.00042765340859916254,3.7555883164108934,0.3621962731701692
log-sigma-4-0-mm-3D_glszm_GrayLevelNonUniformity,0.0003619169084342472,4.299441521491574,0.27699518751856245
wavelet-LHL_glszm_LargeAreaEmphasis,0.00016670216149716063,1.0360010253251826,0.05890308822412449
wavelet-HLH_firstorder_Kurtosis,0.00020035259461488266,3.785750585682113,0.08789571432326282
lbp-3D-m1_gldm_LargeDependenceLowGrayLevelEmphasis,9.089538429966973e-05,7.0399007405647795,0.01862766534235727
lbp-3D-m1_glrlm_LongRunHighGrayLevelEmphasis,-0.0001261783460742491,20.462241813687864,0.03646326353556373
lbp-3D-k_glrlm_LongRunHighGrayLevelEmphasis,0.00025294552281863243,6.827923868427954,0.14752203868104152
wavelet-HLL_glszm_GrayLevelNonUniformity,0.0005616666710015898,2.554546813387673,0.7525794275797738
log-sigma-5-0-mm-3D_gldm_DependenceVariance,0.00020946465231604038,1.0934645978159612,0.1056321679539115
log-sigma-3-0-mm-3D_glszm_GrayLevelNonUniformity,0.00039351373562246844,3.5962965557565,0.4124189259454082
lbp-3D-m2_gldm_DependenceVariance,8.202241455588378e-05,7.592761583604169,0.019679992043819983
lbp-3D-m1_glszm_SmallAreaHighGrayLevelEmphasis,0.00023330708942326828,5.696121542090313,0.16837489737482936
lbp-3D-m1_glszm_HighGrayLevelZoneEmphasis,0.00019406587556870995,12.681030445743659,0.12233856809447663
exponential_firstorder_90Percentile,-8.773341602775728e-05,2.7713148738315034,0.025478465063150657
lbp-3D-k_firstorder_Kurtosis,-5.054983153149901e-05,6.273455472737106,0.00870492284670421
wavelet-HHH_gldm_DependenceVariance,9.606314612783433e-05,2.1147127783088564,0.033609015704121115
lbp-3D-m2_glcm_ClusterProminence,0.00016800176342540775,5.1637472623156295,0.10521691908678232
lbp-3D-m2_glszm_HighGrayLevelZoneEmphasis,-5.720859554160614e-05,6.851730628567291,0.01270818932512574
original_shape_LeastAxisLength,0.00036393057237965685,6.053366231871536,0.5308661365151384
lbp-3D-m2_glszm_SizeZoneNonUniformity,0.0001343213514926621,2.21538760203718,0.07653983226478256
original_gldm_LargeDependenceEmphasis,0.000148772261990281,2.9116245881294236,0.09540024055687846
lbp-3D-m2_gldm_LargeDependenceLowGrayLevelEmphasis,0.00011577779530373559,5.9000429273863215,0.06095326326416417
wavelet-HLL_firstorder_Skewness,-0.00018719590261813418,1.76543524837487,0.19419393986667732
log-sigma-4-0-mm-3D_gldm_LargeDependenceLowGrayLevelEmphasis,1.921822389422191e-05,0.20331090509835092,0.0023832192843596944
lbp-3D-m1_firstorder_10Percentile,-0.00013813570265144916,6.956501267552631,0.13568791075561415
wavelet-LHH_gldm_LargeDependenceEmphasis,0.00011939036749432466,1.9612765678326185,0.10598971522607226
wavelet-HLL_glcm_DifferenceAverage,-3.359761887072554e-05,5.9887156366856145,0.0090540328101536
log-sigma-5-0-mm-3D_gldm_LargeDependenceLowGrayLevelEmphasis,1.2104822364168683e-05,0.3051600632305592,0.001299254047007481
exponential_glrlm_RunVariance,0.0002239468794123479,1.2063289800153125,0.48237398601166115
square_firstorder_Skewness,-3.344954727881608e-05,1.0211085813408998,0.010899910049254724
wavelet-HLH_firstorder_RootMeanSquared,6.769173686933972e-05,999.4338579692546,0.04630171343925571
square_firstorder_Minimum,-1.1263940146562704e-05,0.33186926380254383,0.0013449378170150572
log-sigma-3-0-mm-3D_firstorder_Kurtosis,4.8473696873721585e-05,2.8686373039561515,0.025343612519301728
logarithm_glcm_SumEntropy,-2.3689981297484913e-05,6.291945278572364,0.006473493730318469
lbp-3D-m1_firstorder_Median,-6.471925163276408e-05,13.34127732292115,0.05310047621597469
square_glcm_JointEntropy,5.670291273465384e-05,4.610639966102625,0.04207959516969273
gradient_firstorder_Minimum,-0.00012087309171663681,3.36440235301638,0.19226481974265452
lbp-3D-m1_firstorder_90Percentile,-4.519357866218394e-05,19.447245996211123,0.028937662006189746
lbp-3D-m2_glcm_Autocorrelation,-6.685759803741843e-05,9.20424463991184,0.06359888986728945
lbp-3D-m2_firstorder_InterquartileRange,4.8054390496006974e-05,5.199018229345397,0.03378587469612171
lbp-3D-m1_glrlm_HighGrayLevelRunEmphasis,-9.010714505267385e-05,11.307583453617822,0.1202905957521524
lbp-3D-k_glszm_SizeZoneNonUniformity,-1.7035320504347345e-05,1.9283708036424447,0.004308427919499924
lbp-3D-m2_firstorder_Median,-3.080216584964387e-05,13.531356182402256,0.0149575230327893
lbp-3D-k_firstorder_Range,8.917092593083202e-05,3.3506605512854035,0.12781063033284346
lbp-3D-m2_firstorder_Range,7.830979834003842e-05,17.951300767954287,0.11109045080082003
square_glcm_DifferenceAverage,-3.710592293798443e-06,2.034642298498433,0.00025084818306164713
lbp-3D-m1_glcm_Autocorrelation,-7.802561354916278e-05,8.995170186492688,0.11755175972186904
exponential_glszm_ZoneEntropy,-2.0091148230850657e-05,0.7201669424376822,0.008526520731820475
log-sigma-3-0-mm-3D_gldm_LargeDependenceLowGrayLevelEmphasis,1.1588807721628226e-05,0.21468198986068598,0.0031505436949010868
log-sigma-3-0-mm-3D_glcm_JointEntropy,-7.95132398333361e-06,7.160551639647723,0.0014935025576576777
lbp-3D-m2_firstorder_Kurtosis,-2.826215957677657e-05,3.3797037245504065,0.02043172966509954
lbp-3D-m2_firstorder_Minimum,-5.6101576063077405e-05,0.941181137415227,0.08843995487306133
wavelet-LLL_firstorder_Kurtosis,-8.026835524737446e-06,2.962144267826045,0.0018876291010135882
log-sigma-5-0-mm-3D_glcm_JointEntropy,9.168593033680769e-06,6.889967717415716,0.0025537368447022812
gradient_glcm_JointEntropy,-2.079206236563972e-05,6.606995653171532,0.013218865914005784
wavelet-HHH_glcm_JointEntropy,2.3657849773959106e-05,6.551068183740833,0.01787114094136877
squareroot_glcm_JointEntropy,7.85843635851362e-05,7.608472824960882,0.21142794738149817
lbp-3D-m2_glrlm_ShortRunHighGrayLevelEmphasis,-5.894138625382178e-05,8.689111903130541,0.1235039071586318
original_firstorder_Skewness,5.932409840970508e-06,0.9228466179060903,0.0012972255341763272
logarithm_gldm_LargeDependenceLowGrayLevelEmphasis,3.364651359079506e-06,0.25739563113567937,0.0004184389354036089
wavelet-LLL_gldm_LargeDependenceEmphasis,5.361082407776426e-05,1.4948211669489249,0.10898698655933015
lbp-3D-k_glszm_ZoneEntropy,-8.670625015644656e-06,2.2325835647855055,0.0029020732103529623
original_glcm_DifferenceEntropy,-2.4298409211499325e-05,4.692425291784386,0.025217879393075626
log-sigma-3-0-mm-3D_firstorder_Skewness,1.5310490717187558e-05,0.10686547754615952,0.010950624250734786
log-sigma-5-0-mm-3D_firstorder_Kurtosis,-1.7279939500531908e-05,2.8417529816511453,0.014513124275889355
lbp-3D-m1_glcm_ClusterShade,4.880884127130218e-06,-0.10467582257585403,0.001191778741357119
wavelet-LLL_glcm_JointEntropy,0.00012577259422083198,7.493394151154275,0.80006140187128
square_glszm_ZoneEntropy,3.829418898540938e-05,4.373448901232603,0.07950488755736451
wavelet-LLL_glcm_SumEntropy,3.117578015847499e-05,6.425875796948474,0.05363098953228307
wavelet-HLL_glcm_JointEntropy,3.4816988042832745e-05,7.2707098926210625,0.06722341158662426
lbp-3D-m2_firstorder_90Percentile,-2.0570469674918313e-05,17.39986062082882,0.023979669345471466
exponential_glszm_GrayLevelNonUniformity,5.106202933801819e-06,1.0574016859670563,0.0014863455224399802
wavelet-LLH_gldm_LargeDependenceEmphasis,5.5524618883505443e-05,1.4375246058213347,0.17718257081017974
wavelet-LHH_glcm_JointEntropy,8.276907287068883e-05,7.561821289383005,0.4008393645363736
lbp-3D-m2_firstorder_Maximum,2.2208222276961046e-05,18.89248190536951,0.031326721020811354
wavelet-LHH_firstorder_Entropy,-1.5766597081050605e-05,5.514746444910322,0.016152444365796992
wavelet-HLH_firstorder_Skewness,2.446717414010231e-05,-0.1570185317748343,0.04078597320685584
lbp-3D-k_glszm_HighGrayLevelZoneEmphasis,-1.2997182689971432e-05,3.555857902491236,0.011595994646950714
wavelet-LLH_firstorder_Skewness,-9.654650519163464e-06,0.10208723249331396,0.006542499562593895
log-sigma-4-0-mm-3D_firstorder_Skewness,1.5831586572795623e-05,-0.059701183311485884,0.01931988795825046
lbp-3D-m1_firstorder_Kurtosis,-8.889536959854833e-06,2.476811420289741,0.006307573725139126
exponential_glcm_Correlation,1.0185076754764164e-05,0.6175457432258252,0.008613770021536737
lbp-3D-m2_glszm_GrayLevelVariance,1.5191029585377573e-05,1.1413423607308166,0.019167549081006596
wavelet-LHL_firstorder_Entropy,-2.387259520115461e-05,5.919387805772093,0.0479759165645931
wavelet-LLL_glcm_DifferenceEntropy,-9.173017312634985e-08,5.51497577016879,7.17765205715537e-07
lbp-3D-k_firstorder_90Percentile,2.5411360502268033e-05,0.1645043742857381,0.055175761583040384
exponential_gldm_DependenceEntropy,-2.8546855577121626e-05,4.277056227921809,0.07154940705211454
gradient_glcm_DifferenceEntropy,-3.840878705495438e-06,3.1052203524479065,0.0014133411262825524
log-sigma-4-0-mm-3D_glszm_ZoneEntropy,2.005254560392534e-05,5.540801011477294,0.04037502229186196
lbp-3D-m2_glcm_ClusterShade,-8.509271597818782e-06,-0.5317187088566864,0.007506782219822705
log-sigma-3-0-mm-3D_glszm_ZoneEntropy,2.1013111942650523e-05,5.555710113906765,0.047938387314538033
log-sigma-5-0-mm-3D_firstorder_Skewness,4.393637378105036e-06,-0.12233599457971855,0.0021354216723576958
log-sigma-5-0-mm-3D_glszm_ZoneEntropy,2.559616910695314e-05,5.3893743497038225,0.07370224492711641
wavelet-LLH_glcm_SumEntropy,4.233263178159391e-05,6.0212168695816946,0.2170356124044256
gradient_glszm_ZoneEntropy,4.271059685430659e-06,5.2281874910715915,0.0022135134501526377
wavelet-HLL_firstorder_Entropy,-1.3505458562028764e-05,4.691678315756653,0.02229230026079465
wavelet-LLL_firstorder_Skewness,-4.453265313229229e-06,0.4744229543066533,0.002499128803146289
square_glrlm_RunEntropy,2.3033771732746705e-05,3.249981544868448,0.06795623123791417
wavelet-LLH_firstorder_Entropy,1.0846739983993134e-05,6.346675205956939,0.015529951388173258
exponential_firstorder_Median,-1.0870076018285185e-05,0.6155813056439621,0.017721651946946193
lbp-3D-m2_firstorder_Skewness,-2.4916239656399657e-07,-0.7369358453104818,9.715549943445367e-06
log-sigma-4-0-mm-3D_gldm_DependenceEntropy,3.787567686866746e-05,5.832613181720478,0.23693171823460468
wavelet-LLL_glcm_Correlation,-6.311384450190438e-06,0.5008521074172655,0.006729652033541922
exponential_glrlm_RunEntropy,3.274434477280561e-05,1.939449790402401,0.18411894218411218
log-sigma-3-0-mm-3D_gldm_DependenceEntropy,2.7214062230038838e-05,5.916115247691127,0.12972211291825597
square_gldm_DependenceEntropy,4.104051167345579e-05,5.1629379326069555,0.3076590629933714
wavelet-HLH_glrlm_RunEntropy,2.4475539711749835e-06,4.465401365930859,0.0010951156559574349
lbp-3D-m1_glcm_JointEntropy,1.8132982721159004e-05,3.7977421109081533,0.0686352345908442
wavelet-LLH_glszm_ZoneEntropy,3.869468002893347e-05,6.45374115552232,0.31478580919534516
wavelet-LHH_glszm_ZoneEntropy,2.57091623423438e-05,5.907496125777937,0.1486202850210745
wavelet-HLH_glszm_ZoneEntropy,3.0930928449449426e-05,5.383920429613843,0.21789384290369906
lbp-3D-m2_glrlm_LongRunEmphasis,2.2252565808752113e-06,2.2293183841474624,0.001234479671117672
lbp-3D-m2_glcm_JointEntropy,2.617463815048929e-05,3.1933771126599217,0.1766154744791366
wavelet-LHL_glszm_ZoneEntropy,2.466409014544141e-05,6.2047714851727225,0.15719170832748153
wavelet-HLL_glszm_ZoneEntropy,3.648067580413059e-05,5.616002623976995,0.3460449049849792
lbp-3D-m1_firstorder_Skewness,4.942178356810936e-07,-0.2573894076871972,7.02354993910026e-05
lbp-3D-k_glrlm_HighGrayLevelRunEmphasis,2.464732304376503e-05,1.6721900230648759,0.1771221487130632
log-sigma-5-0-mm-3D_glcm_Correlation,-8.126338402573383e-06,0.6713676531199129,0.019317372417026912
lbp-3D-k_gldm_DependenceEntropy,2.6665833529199716e-05,4.345118145572843,0.21053039716241106
gradient_gldm_DependenceEntropy,3.0450152399850214e-05,5.493164439036042,0.303796509666138
wavelet-HLL_gldm_DependenceEntropy,2.9600356645471163e-05,5.958280488064604,0.29611443779324764
wavelet-HHH_gldm_DependenceEntropy,2.4069630307463225e-05,5.48253340706041,0.2020503417419044
logarithm_glcm_Correlation,-3.848801584313354e-06,0.3506240640667614,0.005388827068607993
exponential_glszm_SmallAreaEmphasis,-8.712738161744345e-07,0.09553203202846347,0.0002815311626499506
square_gldm_LowGrayLevelEmphasis,-1.1874018601042009e-05,0.4297270792110736,0.05770465048739104
wavelet-HLH_gldm_DependenceEntropy,2.7826069393376273e-05,5.669167262621522,0.3280112775720555
lbp-3D-k_glrlm_RunEntropy,2.9948051113111026e-05,2.1715809217846815,0.38962612251063666
logarithm_glcm_MCC,-1.794830342087637e-05,1.0157787707212855,0.15132459328108727
gradient_glrlm_LongRunLowGrayLevelEmphasis,1.1813306533793906e-05,0.02146781367412945,0.06829324628790268
lbp-3D-m2_gldm_DependenceEntropy,2.4260283123146443e-05,4.617481262404162,0.30039752113931295
lbp-3D-k_firstorder_Median,9.918712139864132e-06,-0.6811695685983375,0.05028616735421021
lbp-3D-k_firstorder_Minimum,-2.2658964283359845e-05,-1.3877349662571008,0.2709834273790941
lbp-3D-m1_gldm_DependenceEntropy,1.7007442036599125e-05,4.841937765890622,0.16619591610775242
square_glcm_Imc2,-9.500961237869492e-06,0.6991976470539556,0.05590602538593781
log-sigma-3-0-mm-3D_glcm_Correlation,-2.420470993092601e-06,0.5782888365172317,0.003807954558718074
lbp-3D-m1_glcm_DifferenceVariance,4.411191799754044e-06,0.8577020624145024,0.013171822269933853
square_glcm_Correlation,2.3556237979469453e-06,0.2547764805720586,0.004016892467372801
original_glcm_MCC,-1.9421866609955244e-05,0.9030928052862904,0.2778260394041524
wavelet-HLL_glcm_Correlation,-1.686163750463278e-05,0.4161285451495552,0.21351167622540435
logarithm_glszm_SizeZoneNonUniformityNormalized,-1.1969253542999308e-05,0.7371212355632077,0.10872713491170771
lbp-3D-k_glcm_DifferenceEntropy,5.947765333357722e-06,0.7480259478247487,0.026909389735405798
wavelet-HLH_glcm_MCC,-1.0830615275635729e-06,0.6569352917465626,0.0010241647639221974
exponential_firstorder_10Percentile,-6.447053252459635e-06,0.3755955385398021,0.03738264342691844
wavelet-HHH_glcm_MCC,-8.838548931969957e-06,0.6582378401747285,0.07216321692119188
wavelet-LHH_glcm_Imc1,2.010348804490153e-05,-0.6166173421366862,0.38971555928617785
log-sigma-5-0-mm-3D_glcm_MCC,-8.308580526003012e-06,0.8021436006642808,0.06713853690225513
log-sigma-4-0-mm-3D_glcm_MCC,-7.397960164030333e-06,0.8006763310869244,0.05420438956017515
wavelet-LLL_glcm_Imc1,2.0170179496511823e-05,-0.8369934639256491,0.4203403091522395
lbp-3D-m2_glszm_LowGrayLevelZoneEmphasis,9.246197934021801e-06,0.3818573837558257,0.09028878130768914
wavelet-HLL_glcm_MCC,3.828867433857427e-06,0.7776207862540364,0.015851538358140238
lbp-3D-m2_glrlm_RunEntropy,1.7780662407409854e-05,2.467958813954554,0.34719606001294423
wavelet-LHL_glcm_Correlation,-5.629494409533754e-07,0.16376586432299306,0.00035610872408231575
log-sigma-3-0-mm-3D_glszm_ZonePercentage,-1.4826405026769993e-05,0.5079209188675916,0.24722607579910405
log-sigma-3-0-mm-3D_glcm_MCC,-8.240833790091995e-06,0.8065511867966865,0.08107914568948704
wavelet-LHH_glcm_MCC,-9.232199316024057e-06,0.8575443982667432,0.10506401166215462
lbp-3D-k_glcm_ClusterProminence,5.37054568287604e-06,0.33123410714760343,0.035643851690756345
lbp-3D-m1_glrlm_RunVariance,1.0918167806683536e-06,0.3604007115283692,0.0014774292965924474
gradient_glszm_ZonePercentage,-9.612581040444092e-06,0.4482904933123091,0.11701782840499264
gradient_glcm_Correlation,1.866901618583953e-07,0.12933740111966746,4.5280565166727627e-05
gradient_glcm_Imc2,-1.3828841732042801e-05,0.9009770899836647,0.2516051452433711
wavelet-HHH_glcm_Imc2,-1.2582295268617147e-05,0.9437227671778181,0.2103128792437734
lbp-3D-m1_glrlm_RunEntropy,1.1183380923519732e-05,2.7421829620344114,0.17181441357456007
lbp-3D-m2_glcm_DifferenceVariance,9.664895744295482e-06,0.5480022234922868,0.12840386173109297
wavelet-HLH_glszm_ZonePercentage,-9.2725658040954e-06,0.6117036435598704,0.12357863935599045
wavelet-HHL_glszm_ZonePercentage,-1.1220023453889446e-05,0.5833948045994551,0.19630615512788574
wavelet-HLH_gldm_LargeDependenceLowGrayLevelEmphasis,-8.353452256090376e-07,0.04724465988733381,0.0011281771305464705
lbp-3D-m2_gldm_SmallDependenceHighGrayLevelEmphasis,-9.168461096708998e-06,0.5877262851147071,0.14027104813808045
log-sigma-5-0-mm-3D_glszm_ZonePercentage,-1.1515994089754784e-05,0.44375705273106636,0.22272351695601011
lbp-3D-k_firstorder_10Percentile,1.3781977354326597e-06,-1.1488259708510722,0.0032409168680577194
wavelet-LLL_gldm_DependenceNonUniformityNormalized,-1.008583572109328e-05,0.715526863754878,0.17396557808606194
lbp-3D-m1_glszm_SmallAreaEmphasis,7.784357377311531e-06,0.41306462029801927,0.10418342897747279
lbp-3D-m1_glcm_Imc2,-8.580508431449163e-06,0.5029493042388542,0.1269494817209349
wavelet-LLH_glcm_Correlation,3.0325220490799858e-06,-0.1332864598751497,0.015887621309043087
original_glszm_SizeZoneNonUniformityNormalized,-8.879817528906797e-06,0.6511366943784211,0.1366416983770664
wavelet-HLL_glszm_ZonePercentage,-1.0622892783819203e-05,0.6365731472991053,0.20214500115027068
wavelet-LLH_glcm_Imc1,1.619763983968512e-05,-0.7942213056075504,0.47049361597093653
wavelet-LLL_glcm_MCC,-1.5667124222121407e-05,1.0606444598482618,0.44044269688806004
original_gldm_LargeDependenceLowGrayLevelEmphasis,3.152911037483905e-07,0.09141310568367322,0.00018956136927505973
wavelet-LHH_glszm_SizeZoneNonUniformityNormalized,-8.219924626055082e-06,0.741949634516168,0.12917291521470198
lbp-3D-m1_glrlm_LongRunLowGrayLevelEmphasis,6.283895882409228e-06,0.3324460711304512,0.07998345249363814
log-sigma-3-0-mm-3D_glcm_Imc2,-1.1098676215208561e-05,1.0185092340694977,0.2558996293075405
square_glszm_ZonePercentage,-3.415804316489819e-06,0.2279230374630432,0.02434270778248837
log-sigma-4-0-mm-3D_glcm_Imc1,1.0433585851801418e-05,-0.37043988103394976,0.24959416159462844
log-sigma-4-0-mm-3D_glcm_Idm,6.072072766757013e-06,0.22137001643323595,0.08630731710657924
gradient_glszm_SizeZoneNonUniformityNormalized,2.102117872432423e-06,0.37018820927831886,0.010994558636552743
wavelet-LLH_glcm_MCC,-1.2349046132020623e-05,1.0304254873487022,0.3849444438398939
lbp-3D-k_glszm_GrayLevelVariance,2.6855113441369043e-06,0.11288175535037998,0.018286236490248187
wavelet-HHL_glcm_Imc2,-1.0773564259207145e-05,0.9974416787129043,0.304347313150951
wavelet-HLH_glcm_Imc2,-8.9853680853704e-06,0.9883692015541771,0.2126922826307004
lbp-3D-m1_glszm_LowGrayLevelZoneEmphasis,-5.921959040400909e-07,0.26147279731236034,0.0009632565981901875
lbp-3D-m2_glcm_Imc2,-6.812193596061524e-06,0.3987463622206559,0.129556148978623
wavelet-LHL_glcm_MCC,-1.711661164607027e-06,0.9362371468624807,0.008232892641409362
log-sigma-3-0-mm-3D_glszm_SmallAreaEmphasis,-4.976526441067422e-06,0.6261769658793521,0.07106395122979692
wavelet-HLL_glcm_Imc1,1.2537395880618384e-05,-0.41158966518187196,0.4512543121362165
log-sigma-5-0-mm-3D_glcm_Imc2,-8.09236502739245e-06,0.9896558222744157,0.18854452364187513
original_shape_Sphericity,4.5801954261792355e-06,0.5759620358027329,0.0614121185378006
log-sigma-4-0-mm-3D_glszm_SmallAreaEmphasis,-4.3140685319578666e-06,0.6074099395287786,0.05457531548660144
original_shape_Elongation,2.1868902454691257e-06,0.7657533363387187,0.014033975783554142
lbp-3D-m2_glrlm_LongRunLowGrayLevelEmphasis,6.223035316730168e-06,0.30726823695971905,0.11439648549950587
log-sigma-3-0-mm-3D_glcm_InverseVariance,4.573938208325331e-06,0.2393197492115252,0.06286414974273669
wavelet-HLH_glcm_Imc1,1.0835823195023803e-05,-0.3326414313283525,0.38144186055921236
square_glszm_GrayLevelNonUniformityNormalized,-1.5188210866626985e-06,0.15988731003894682,0.008141695583000486
wavelet-HHH_glcm_Imc1,9.729534865746042e-06,-0.26819413796992286,0.3486965181723809
wavelet-HHL_glcm_Imc1,1.1144938992137204e-05,-0.33306652880953236,0.46603571169364266
lbp-3D-k_glcm_Correlation,4.855907262492944e-07,0.08671898165347568,0.0008919016731432361
original_glcm_Imc2,-7.232124254274962e-06,1.0412674429092423,0.198614328855649
wavelet-LLH_glszm_SizeZoneNonUniformityNormalized,-6.539529016317649e-06,0.8416725514266742,0.1626568292241688
wavelet-HLH_glszm_SizeZoneNonUniformityNormalized,-2.6133384523702925e-06,0.5194672783757469,0.028053983900255597
lbp-3D-m2_glszm_GrayLevelNonUniformityNormalized,1.4954236062610367e-06,0.34081147267646394,0.009374615918418372
square_glcm_Imc1,4.640142445897311e-06,-0.15048365475866615,0.09068616286380404
square_glcm_InverseVariance,1.0360802809594282e-06,0.3413078906419232,0.004687980350318144
log-sigma-5-0-mm-3D_glcm_InverseVariance,1.3345068604238203e-06,0.2838160444673604,0.007954764062903186
square_glszm_LowGrayLevelZoneEmphasis,-2.694953458839804e-06,0.15863398313757876,0.03319821907394527
exponential_glcm_Imc1,1.5016619819439166e-06,-0.04410311043107598,0.010447143364552103
lbp-3D-k_glcm_ClusterShade,1.3126319000208838e-06,0.19367357334525792,0.008269915398227523
lbp-3D-m1_glszm_SmallAreaLowGrayLevelEmphasis,3.806489734065241e-07,0.11037197225212242,0.0007130286020367027
logarithm_glcm_Idn,3.941340335705119e-06,0.8533519750778633,0.0807158125489933
exponential_glrlm_RunLengthNonUniformityNormalized,-7.353477878820018e-06,0.3533874453883865,0.28359336194824014
lbp-3D-m1_glcm_Correlation,-2.6926606009493447e-06,-0.018375233588260764,0.038684840109819096
wavelet-HHH_glszm_SizeZoneNonUniformityNormalized,-9.548936160617973e-07,0.4945291378453467,0.005370034464772466
gradient_gldm_DependenceNonUniformityNormalized,-6.375845044860332e-06,0.2456314151931937,0.24318261967968158
wavelet-HHL_glszm_SizeZoneNonUniformityNormalized,-1.5065880152209614e-06,0.507948198457705,0.013725304323504717
log-sigma-4-0-mm-3D_gldm_DependenceNonUniformityNormalized,-6.329403413355649e-06,0.2648225656578307,0.2578862843673638
gradient_glcm_Imc1,6.387802959979149e-06,-0.20629156032398058,0.2830161165876369
wavelet-HLL_glcm_Imc2,-6.1918610780134776e-06,1.0088527166733479,0.2692127791496406
gradient_glrlm_ShortRunLowGrayLevelEmphasis,4.344980987960371e-06,0.04044868171100486,0.1326510667622115
original_shape_Flatness,3.17785300068582e-06,0.1869733350126941,0.07301255698343645
gradient_glszm_LowGrayLevelZoneEmphasis,1.037379635102362e-06,0.0755033102454047,0.009000895754601057
exponential_gldm_DependenceNonUniformityNormalized,3.057200831973384e-06,0.05791187065646007,0.0795231943912964
log-sigma-5-0-mm-3D_gldm_DependenceNonUniformityNormalized,-4.4335733263571246e-06,0.23533352371709132,0.18435619827670824
square_gldm_DependenceNonUniformityNormalized,-8.454013336424728e-08,0.11873551234707909,6.92120083363168e-05
square_glszm_SmallAreaLowGrayLevelEmphasis,-7.616214165707468e-07,0.07381113394151069,0.007012857426833774
lbp-3D-m2_glcm_MaximumProbability,-2.679615180342257e-06,0.20587031718939697,0.08819309937400743
gradient_glcm_Idn,2.1120441233479216e-07,0.876164783984626,0.0005675115174895717
wavelet-HHL_glcm_Correlation,-9.584764517038872e-07,0.023642568825025308,0.011878443210705414
wavelet-LHH_glcm_Imc2,-3.049952001783714e-06,1.015215702857919,0.12847138392126778
wavelet-LHH_glszm_LargeAreaLowGrayLevelEmphasis,-3.5846166172839025e-07,0.014213532037518507,0.0019165032407900684
square_glcm_Idn,-1.2523965945995023e-07,0.8699501460967936,0.00024172778683639873
wavelet-LHH_glcm_Idn,3.6885290140454216e-06,0.8345661384453457,0.2533869183109433
logarithm_gldm_LowGrayLevelEmphasis,-1.375722717230252e-07,0.03579766746244337,0.00036884234227718693
gradient_glszm_SmallAreaLowGrayLevelEmphasis,2.3472222772294683e-07,0.05082495755575928,0.001164459639955484
lbp-3D-m1_glcm_InverseVariance,-9.690636378554529e-08,0.46556503658538934,0.0002129268747349533
wavelet-LLH_glcm_Idn,2.8467766794008484e-06,0.803280180455003,0.19305992377374803
wavelet-LHL_glcm_Idn,3.3707729791019234e-06,0.8786360946171731,0.27362565692770935
gradient_glszm_GrayLevelNonUniformityNormalized,3.501611036240351e-07,0.07754493278614284,0.003001338384517549
lbp-3D-k_gldm_SmallDependenceHighGrayLevelEmphasis,-2.763364640449368e-06,0.09827169090335858,0.207275880376932
log-sigma-5-0-mm-3D_glszm_LowGrayLevelZoneEmphasis,1.423237886652257e-07,0.028504378118338156,0.0005761424501955492
log-sigma-4-0-mm-3D_glcm_Idn,8.719500417824272e-07,0.8828352057785169,0.021915949199572404
original_glcm_Idn,1.697201292082979e-06,0.8550022942308044,0.08414700010938703
log-sigma-4-0-mm-3D_glszm_LowGrayLevelZoneEmphasis,2.2693458298944383e-07,0.02595842217820031,0.0015146238120541389
wavelet-LLL_glcm_Idn,7.429669669678656e-07,0.8662421290561416,0.01650681293072298
wavelet-HLH_glcm_Idn,2.1406237504083045e-06,0.8749066544943607,0.14627032212757018
log-sigma-5-0-mm-3D_glcm_MaximumProbability,-1.8519948757982474e-07,0.03251585039748638,0.0011043613316398249
log-sigma-5-0-mm-3D_glcm_Idn,-4.0192885134830563e-07,0.894810818492978,0.005422075173342034
lbp-3D-m1_glszm_ZonePercentage,-3.0048880195891157e-06,0.1094841690162378,0.30700956644986155
lbp-3D-m2_glcm_InverseVariance,-1.0168799116443143e-06,0.5101789175744632,0.03663693958254466
wavelet-HHH_glcm_Idn,1.8696496421040755e-06,0.8848892888519455,0.12403092497883328
wavelet-HHH_glszm_GrayLevelNonUniformityNormalized,-1.328804665402566e-07,0.06605103746770523,0.0006545511643060165
log-sigma-5-0-mm-3D_glszm_GrayLevelNonUniformityNormalized,4.862043083452263e-07,0.06319648396105895,0.009143131961043105
wavelet-HLL_glcm_Idn,1.9459184026969903e-06,0.9082913662068375,0.148318563841371
log-sigma-3-0-mm-3D_glszm_GrayLevelNonUniformityNormalized,9.093537626314874e-07,0.05007247737337128,0.03509683293146881
gradient_glcm_JointEnergy,4.891688941237627e-07,0.014321267067861798,0.010165315400049835
log-sigma-3-0-mm-3D_glcm_MaximumProbability,2.78981747892296e-08,0.03125690516454565,3.371107680105734e-05
log-sigma-4-0-mm-3D_gldm_LowGrayLevelEmphasis,-4.3110703181397144e-08,0.02356824003656414,8.637316450710308e-05
lbp-3D-m2_glcm_Idn,-1.4504193713346572e-06,0.8431560821991139,0.10611753224812082
logarithm_glszm_SmallAreaLowGrayLevelEmphasis,-1.2444208834697544e-08,0.02225040609077915,8.221162016597283e-06
log-sigma-3-0-mm-3D_glszm_LowGrayLevelZoneEmphasis,3.1261960322583994e-08,0.025456363355550567,5.223562980782859e-05
log-sigma-5-0-mm-3D_gldm_LowGrayLevelEmphasis,-4.9817939903865814e-08,0.02378164610874988,0.0001363143254643484
wavelet-LHL_glcm_Imc2,-1.770815910697031e-06,1.0121969379917615,0.191281449770627
lbp-3D-m2_glszm_ZonePercentage,-1.7939635920160345e-06,0.06175602019258223,0.22697459223842043
log-sigma-5-0-mm-3D_glszm_SmallAreaLowGrayLevelEmphasis,-8.741966169282853e-08,0.01894588589942202,0.0005432848085911157
squareroot_glrlm_LongRunLowGrayLevelEmphasis,-2.4161098871953717e-07,0.024461021865194627,0.004218348448862264
log-sigma-4-0-mm-3D_glszm_SmallAreaLowGrayLevelEmphasis,3.307072587461354e-08,0.016543569811468775,8.01995723741511e-05
wavelet-HHH_glszm_LowGrayLevelZoneEmphasis,-6.213629598584232e-07,0.02221391551601095,0.032271289726394925
logarithm_glcm_MaximumProbability,-2.8435147442558623e-07,0.01878141167341909,0.007388204947484156
wavelet-LHH_gldm_LargeDependenceLowGrayLevelEmphasis,-4.62589905489199e-07,0.013874899106543636,0.020123018950952587
lbp-3D-k_gldm_DependenceNonUniformityNormalized,-9.647978642609261e-07,0.06855867767380827,0.0877500692463733
wavelet-HHH_glcm_JointEnergy,-2.0962606352143676e-07,0.017129155058823016,0.004195319184152058
original_glrlm_LongRunLowGrayLevelEmphasis,-3.447855724907601e-07,0.02707338423972428,0.011385131025471118
wavelet-HLL_glcm_MaximumProbability,-3.1704390423501364e-07,0.026135088033028463,0.009970492396223496
lbp-3D-k_glszm_ZonePercentage,-1.3651231208795904e-06,0.033313393339028066,0.25989729641870163
log-sigma-3-0-mm-3D_glszm_SmallAreaLowGrayLevelEmphasis,-8.047564079405289e-08,0.016148637220690296,0.0010081182524722676
exponential_glcm_Idmn,3.4779501985461004e-07,0.9918818190860675,0.022996650798271512
squareroot_glszm_SmallAreaLowGrayLevelEmphasis,-1.1857100362669648e-07,0.01659143928347992,0.0027260134280063797
square_gldm_SmallDependenceLowGrayLevelEmphasis,-7.993124244529387e-07,0.03113039312296191,0.1308539375426172
original_glszm_SmallAreaLowGrayLevelEmphasis,-2.3085883141139674e-07,0.019811767524811074,0.01119357427091705
wavelet-HLH_glszm_LowGrayLevelZoneEmphasis,-5.134814640672074e-07,0.016542539026473436,0.057966421667592805
log-sigma-3-0-mm-3D_glcm_Idmn,4.4668829523482675e-07,0.9707364295009296,0.048001898659160935
logarithm_gldm_SmallDependenceLowGrayLevelEmphasis,-3.0646849611951086e-07,0.018713797637178228,0.025163682116417285
original_glcm_MaximumProbability,-4.706656536079362e-07,0.01743513464135536,0.07210991478289652
gradient_gldm_SmallDependenceLowGrayLevelEmphasis,-1.6827691994889595e-07,0.025295672279882008,0.010518884282098573
wavelet-HLL_glcm_JointEnergy,-2.241278810152218e-07,0.00999940478134413,0.019510937192872224
wavelet-LHL_glcm_MaximumProbability,-2.9302600644087937e-07,0.012845706412151048,0.04157334160156667
wavelet-LLL_glcm_MaximumProbability,-4.273330628785421e-07,0.010692492422205638,0.10598378742439363
wavelet-LLL_firstorder_Uniformity,1.4846177804062798e-08,0.013470066234230572,0.00015473228167039998
exponential_glszm_ZonePercentage,-3.324469833755001e-07,0.008182268655849444,0.082769703591555
wavelet-LHH_glszm_LowGrayLevelZoneEmphasis,-3.266057945036489e-07,0.009162798406316907,0.1255590425952342
log-sigma-4-0-mm-3D_gldm_SmallDependenceLowGrayLevelEmphasis,-2.4211837334225767e-07,0.009644679783659363,0.06948600743258926
wavelet-HLL_glrlm_LongRunLowGrayLevelEmphasis,-3.3936676338495113e-07,0.009089038187489252,0.14707981282299998
log-sigma-5-0-mm-3D_gldm_SmallDependenceLowGrayLevelEmphasis,-2.0744720490922588e-07,0.009186795631085093,0.05603049747305866
log-sigma-3-0-mm-3D_gldm_SmallDependenceLowGrayLevelEmphasis,-2.714376653704954e-07,0.009467736698068618,0.11364382012914942
wavelet-HHH_gldm_SmallDependenceLowGrayLevelEmphasis,-3.339070609358463e-07,0.00931267441506816,0.18297931099204456
wavelet-LLL_glcm_Imc2,-1.7748346866863603e-07,1.0011504784774143,0.05797722291270779
wavelet-HLH_gldm_SmallDependenceLowGrayLevelEmphasis,-3.103679459118592e-07,0.008367538138164548,0.21074418150884688
lbp-3D-k_gldm_SmallDependenceLowGrayLevelEmphasis,-3.5358064939463847e-07,0.013624260765785889,0.2735760985817629
wavelet-HHL_gldm_SmallDependenceLowGrayLevelEmphasis,-2.696026913706758e-07,0.007024387486761569,0.2561496670035266
wavelet-LLH_glszm_LowGrayLevelZoneEmphasis,-2.7207203736635917e-07,0.007373274221144276,0.26177385261489494
wavelet-LHH_gldm_SmallDependenceLowGrayLevelEmphasis,-2.6332831171121204e-07,0.006770448229958715,0.3008625770046588
wavelet-HLL_gldm_SmallDependenceLowGrayLevelEmphasis,-2.416841553232559e-07,0.006224592089130005,0.3121152854620134
wavelet-LHL_glszm_LowGrayLevelZoneEmphasis,-2.4017665834243416e-07,0.0066707081949349736,0.3569186039568024
exponential_gldm_SmallDependenceLowGrayLevelEmphasis,-1.7979675717599102e-07,0.006458779712676597,0.2609512084690162
wavelet-LHL_gldm_SmallDependenceLowGrayLevelEmphasis,-2.1491461572807212e-07,0.005309379353106013,0.5156853938152899
