feature,feature_class,train_mean,spider_mean,median_abs_z,mean_z
wavelet-HLH_firstorder_RootMeanSquared,firstorder,1000.2746120058159,31.11860647875967,877.6001853184838,-876.0977499761839
wavelet-LHH_firstorder_RootMeanSquared,firstorder,1001.7570179116151,70.39064487661933,199.77878480488204,-198.40493202209288
wavelet-LHL_firstorder_RootMeanSquared,firstorder,1020.4769422175349,97.81047825782481,82.92464449234967,-82.43348323533628
wavelet-LLH_firstorder_RootMeanSquared,firstorder,1040.1049809439553,138.3815686769113,50.36126389940806,-50.21838358942569
original_firstorder_TotalEnergy,firstorder,11032753596.514975,116282494.02854817,3.5726061011803925,-3.5610966768690653
log-sigma-5-0-mm-3D_firstorder_TotalEnergy,firstorder,15269473851.937614,99758574.99296466,3.470687757238975,-3.468054642606816
log-sigma-5-0-mm-3D_glcm_Contrast,glcm,14.508235564787045,39.2907904248702,2.897219163158086,4.111798509712138
lbp-3D-m2_glszm_ZonePercentage,glszm,0.0394743917222904,0.08442237559280912,2.7066488713575527,3.3945422118761086
lbp-3D-m2_gldm_SmallDependenceHighGrayLevelEmphasis,gldm,0.47385092849633925,0.7794330142579068,2.6797225644117257,3.5498619589789833
log-sigma-5-0-mm-3D_glszm_ZonePercentage,glszm,0.3007245503347194,0.529075901697392,2.64929928699589,2.6612225237636733
log-sigma-5-0-mm-3D_gldm_DependenceNonUniformityNormalized,gldm,0.18026705854838104,0.2794026625826784,2.5189776458078184,2.7302387936985704
log-sigma-3-0-mm-3D_glszm_ZonePercentage,glszm,0.32377200423699665,0.5747145427336884,2.5028156055944892,2.3932141641584983
log-sigma-3-0-mm-3D_glszm_SmallAreaEmphasis,glszm,0.5643668412336024,0.7187537281145627,2.3806842126858663,2.3518237377121505
log-sigma-3-0-mm-3D_glcm_ClusterShade,glcm,139.9440194108655,1489.0939949336116,2.3587284957929766,3.317743577266396
log-sigma-4-0-mm-3D_gldm_DependenceNonUniformityNormalized,gldm,0.18620925604406066,0.29687304358259703,2.3513735966303035,2.5249505410345283
log-sigma-4-0-mm-3D_glszm_SmallAreaEmphasis,glszm,0.5538277639192731,0.7018893720166325,2.321071886649887,2.2800771873714356
log-sigma-5-0-mm-3D_glszm_SizeZoneNonUniformity,glszm,39.30983496723368,77.10542150756585,2.12577180070022,2.3717602858682647
log-sigma-4-0-mm-3D_glszm_SizeZoneNonUniformity,glszm,44.64905678340007,86.1756689008164,1.9535477600122093,2.2823403341691066
log-sigma-3-0-mm-3D_glszm_SizeZoneNonUniformity,glszm,46.57036666541025,93.12954157569192,1.9405657028600363,2.335808169907982
exponential_gldm_SmallDependenceLowGrayLevelEmphasis,gldm,0.004225643788743698,0.00862301721112282,1.930754148071338,3.55293407178898
lbp-3D-m1_glrlm_LongRunHighGrayLevelEmphasis,glrlm,18.895064508231602,14.64998048321304,1.9216345855425352,-1.8269439705855905
lbp-3D-m2_gldm_LargeDependenceHighGrayLevelEmphasis,gldm,517.2230115312987,323.89761151345004,1.86459285554285,-1.8256226037012064
log-sigma-4-0-mm-3D_glcm_Imc1,glcm,-0.2408512513664561,-0.39928345955016115,1.8419212010737607,-2.157362336020911
lbp-3D-m2_gldm_LargeDependenceEmphasis,gldm,52.847745787591,37.400580343834626,1.8042372441049728,-1.7497635514851568
lbp-3D-m1_glszm_ZonePercentage,glszm,0.07216245371204157,0.12084760093358365,1.7670278815114986,2.5529373047732014
lbp-3D-k_gldm_SmallDependenceLowGrayLevelEmphasis,gldm,0.009232670713926335,0.016751942689545548,1.7580557145775964,3.1631688883350626
wavelet-HLL_glszm_ZonePercentage,glszm,0.5046332621519334,0.6228799856324048,1.728174243038282,1.423225840685706
lbp-3D-m2_glrlm_LongRunEmphasis,glrlm,2.25695681594552,1.8967730388051687,1.7084304188894135,-1.617268117962223
wavelet-HHL_glszm_ZonePercentage,glszm,0.4440383565978668,0.5757378495302803,1.6989721359213361,1.4789493351310667
gradient_gldm_DependenceEntropy,gldm,5.871365527205708,5.5201571771782705,1.6817277917892859,-1.807851492176524
log-sigma-4-0-mm-3D_glcm_ClusterShade,glcm,25.955406842890458,672.218276655213,1.6810503639357832,1.472692590330244
lbp-3D-m2_glrlm_LongRunHighGrayLevelEmphasis,glrlm,22.194565393680122,16.581224380792495,1.6797924961127941,-1.5655758714115622
lbp-3D-m1_gldm_LargeDependenceHighGrayLevelEmphasis,gldm,366.16753937734734,237.50322061191693,1.675890760033373,-1.6446367935789763
log-sigma-5-0-mm-3D_glcm_InverseVariance,glcm,0.3003910664953177,0.2203261212654559,1.652615391378356,-1.521707746824472
lbp-3D-k_firstorder_Minimum,firstorder,-1.6691668893632214,-1.4366651090495883,1.5978527512968694,1.5189853785368308
wavelet-HHH_glcm_MCC,glcm,0.5484601031040818,0.7231008114065578,1.5957386331084171,1.509449041393816
wavelet-LLH_glcm_SumEntropy,glcm,6.547002330181339,5.90208382239456,1.5838321622366953,-2.018324871027678
lbp-3D-m1_glrlm_HighGrayLevelRunEmphasis,glrlm,10.188422542260582,9.053608095247538,1.583363844107605,-1.242159782796873
wavelet-LHH_glcm_MCC,glcm,0.7428773916235606,0.8622108877538881,1.560401673564465,1.191461962471561
log-sigma-3-0-mm-3D_glcm_InverseVariance,glcm,0.29612959321145094,0.20598183373177453,1.538871144422763,-1.4052777399539513
wavelet-HLH_glszm_ZonePercentage,glszm,0.4965352716192765,0.6085928871543329,1.5319463516336045,1.2081174500792022
log-sigma-5-0-mm-3D_glszm_GrayLevelNonUniformityNormalized,glszm,0.06923530426232775,0.04367036186699537,1.5282168113289734,-1.4297809601194205
wavelet-LLH_glszm_ZoneEntropy,glszm,6.93434203728972,6.567143653247923,1.507476606787261,-1.514094822220704
log-sigma-5-0-mm-3D_glrlm_LongRunHighGrayLevelEmphasis,glrlm,233.94021446893225,572.177118453091,1.5052463651853978,2.7850053376702046
exponential_gldm_LargeDependenceLowGrayLevelEmphasis,gldm,349.19365045696156,243.48786217537221,1.501590385483234,-1.672193141396989
wavelet-LHL_glszm_ZoneEntropy,glszm,6.5111077428450015,6.248335283160535,1.4936614236663157,-1.2012283242198596
wavelet-LLL_glcm_JointEntropy,glcm,9.05553188273668,8.161080119219877,1.4863705246754768,-1.8089583392625854
wavelet-HHH_glcm_Imc1,glcm,-0.14735005728059392,-0.25636436324277356,1.436102714810389,-1.8815303184468533
lbp-3D-m2_glszm_LargeAreaHighGrayLevelEmphasis,glszm,43707.429929529004,12057.091103849989,1.4316665908326527,-1.3100041287044224
wavelet-HLL_gldm_DependenceEntropy,gldm,6.325926828435054,6.049149175285693,1.4276081279786026,-1.4469711433408667
lbp-3D-m1_gldm_LargeDependenceEmphasis,gldm,44.24562907918071,32.08118959664627,1.4193215261516368,-1.2264904996202144
original_shape_Flatness,shape,0.22644333329449345,0.1689829148342307,1.4161415560145336,-1.389407885771971
original_shape_Sphericity,shape,0.6328495965434547,0.5231881141252468,1.4138080261023935,-1.6873032512543755
log-sigma-4-0-mm-3D_glcm_Idm,glcm,0.2967871932564362,0.2048186501034031,1.4118605393961319,-1.2653834434648803
original_shape_LeastAxisLength,shape,10.573505792581019,8.213771406854242,1.400240745502308,-1.3434858353201315
lbp-3D-k_firstorder_10Percentile,firstorder,-1.1317082935268639,-1.0267306218842611,1.3966480378991737,1.233148416524188
lbp-3D-k_glrlm_RunEntropy,glrlm,2.543545743858777,2.2528350201233036,1.3905636549333038,-1.7231080832998975
wavelet-HHH_glcm_Imc2,glcm,0.7874464471195166,0.8801554976835612,1.390053813558078,0.9609287679253748
lbp-3D-m2_firstorder_Median,firstorder,13.148782969324506,12.098907194195121,1.3733553193728893,-1.1854479773904092
log-sigma-5-0-mm-3D_glcm_Imc2,glcm,0.8891459391369825,0.9708213347703045,1.3722577870657227,1.2462889473886525
wavelet-HLL_glcm_Imc1,glcm,-0.2558710105557923,-0.35507876252267473,1.371753025570485,-1.5116280832996196
wavelet-HHH_glszm_SizeZoneNonUniformityNormalized,glszm,0.4826690394150145,0.5408241933970204,1.3672373321164624,1.2691640341929196
wavelet-HHH_firstorder_Variance,firstorder,395.72186115254556,812.8302889723409,1.36558433349544,1.9999102471752839
wavelet-HLH_glszm_SizeZoneNonUniformityNormalized,glszm,0.4870087397955939,0.553692019162741,1.3654115723668763,1.2153869320063857
exponential_glrlm_RunEntropy,glrlm,2.3461455159889413,2.116159769127683,1.36367195196978,-0.8570572890983527
wavelet-HHL_glszm_SizeZoneNonUniformityNormalized,glszm,0.4892358708707092,0.5451353054053518,1.3566275029902148,1.2361463690339387
gradient_glszm_SmallAreaHighGrayLevelEmphasis,glszm,60.248453333759315,43.538058796805345,1.3503994738539178,-0.8466812307838575
wavelet-HLH_glcm_Imc1,glcm,-0.19805687918035497,-0.30241662879674697,1.349757194995127,-1.6915361914380556
wavelet-LLH_glszm_SizeZoneNonUniformity,glszm,302.53073160857355,214.79707518653294,1.3304350123966042,-1.1703826537058022
wavelet-LHH_glcm_JointEntropy,glcm,8.58984088729618,7.829389798672201,1.328329688532807,-1.6541861404567837
log-sigma-3-0-mm-3D_glszm_GrayLevelNonUniformityNormalized,glszm,0.061366955576380236,0.0401605957293068,1.316522409495132,-1.242405091610285
wavelet-HLH_firstorder_10Percentile,firstorder,-28.559189244407474,-36.168484496741065,1.31072865262351,-1.1146599900947693
wavelet-HLL_glszm_ZoneEntropy,glszm,6.0691048319762855,5.822785001325626,1.3075266316795828,-1.1295325010708155
gradient_glszm_GrayLevelVariance,glszm,18.161621472645717,12.989919502454525,1.3031805160546468,-0.8211745038988209
lbp-3D-m1_glrlm_RunVariance,glrlm,0.37396144150792443,0.27012257837447534,1.303105338557212,-1.0395838232887513
log-sigma-3-0-mm-3D_glcm_MCC,glcm,0.7041972719160017,0.8354679626329745,1.294732585950014,1.2898737285505677
gradient_gldm_LargeDependenceHighGrayLevelEmphasis,gldm,447.56425834075736,323.0824543659716,1.2936719676509474,-0.8630676169549166
logarithm_firstorder_Minimum,firstorder,-557.0528082835417,-464.35398153099504,1.2928554007412274,0.9156299222627408
wavelet-LLL_glcm_DifferenceEntropy,glcm,5.513836450705333,5.051884848685492,1.2902240420024744,-1.2133091287396287
wavelet-LLH_glcm_MCC,glcm,0.8770461996637386,0.9230285319039059,1.2891522517190812,0.6569806971919242
log-sigma-3-0-mm-3D_glcm_Imc2,glcm,0.8806599594019817,0.9678787086710176,1.2871857996777116,1.1304972259856008
exponential_glrlm_RunLengthNonUniformityNormalized,glrlm,0.26205478803147353,0.35137134965151595,1.2845118496293244,1.8394298760981214
wavelet-LHL_firstorder_Maximum,firstorder,349.939799359625,423.596454947014,1.2791140085577426,0.7995306926714484
log-sigma-5-0-mm-3D_glcm_ClusterShade,glcm,-95.69009570134408,-390.67654923803724,1.2718378930829828,-0.7980223319745667
wavelet-LLH_firstorder_10Percentile,firstorder,-163.86779382257603,-113.60254138893302,1.269410637575021,0.8312061549302443
lbp-3D-m1_glszm_LargeAreaHighGrayLevelEmphasis,glszm,15281.31252340224,5213.101014906253,1.268108147521528,-1.1495651914479548
gradient_firstorder_Maximum,firstorder,104.93946741497706,84.71574199938495,1.2571929590162851,-0.9026565213670934
wavelet-HHH_firstorder_InterquartileRange,firstorder,19.44382730523472,26.994160680783075,1.257190516193731,1.354637464321421
original_firstorder_Minimum,firstorder,-160.32539029901486,-159.30704803953486,1.2565131139303722,0.057826511402908606
lbp-3D-k_gldm_LargeDependenceHighGrayLevelEmphasis,gldm,256.78660540695915,187.40605918590347,1.256156535850109,-1.4088960848513707
wavelet-HLH_gldm_DependenceEntropy,gldm,6.014776361251561,5.83150720293615,1.2533298886891382,-1.0726990826063363
gradient_glrlm_LongRunHighGrayLevelEmphasis,glrlm,65.93138514816286,49.8852461264531,1.2494068859158227,-0.6919978076639032
wavelet-LLH_glcm_Imc1,glcm,-0.5930411954817506,-0.623223015090686,1.246108842945942,-0.3634683072588469
log-sigma-3-0-mm-3D_gldm_LargeDependenceEmphasis,gldm,15.021528055106513,6.647677779054797,1.243376108218316,-1.0843886914658043
gradient_gldm_SmallDependenceLowGrayLevelEmphasis,gldm,0.023205616591397988,0.03139992004705864,1.2425709849092306,1.4202615416542725
log-sigma-3-0-mm-3D_gldm_GrayLevelNonUniformity,gldm,38.08810446419889,16.632392284748956,1.239242973603068,-1.1071794266939448
lbp-3D-m2_glrlm_ShortRunHighGrayLevelEmphasis,glrlm,7.957040151018927,7.52014140180427,1.23696262675469,-0.7407928874707846
lbp-3D-k_gldm_SmallDependenceHighGrayLevelEmphasis,gldm,0.06394977683528084,0.09862834076095357,1.2327639217564448,1.6247752412970022
wavelet-HHL_glcm_Imc1,glcm,-0.19464265496279357,-0.28317375593042843,1.2310484242379776,-1.542139879868829
lbp-3D-m2_glszm_LargeAreaLowGrayLevelEmphasis,glszm,506.05242645556353,220.4851500565156,1.224506143610781,-0.9963731546814345
gradient_gldm_DependenceNonUniformity,gldm,75.814286357988,56.867245517200594,1.2232472038004467,-0.9391008740738709
log-sigma-3-0-mm-3D_glcm_ClusterProminence,glcm,29590.269419419707,350439.6361248239,1.2218393291970595,6.971528285413654
square_glszm_ZonePercentage,glszm,0.1854976041677587,0.278333605243281,1.2138518088921701,1.2058794234129502
lbp-3D-m1_glcm_Autocorrelation,glcm,8.026065941564692,7.375308072529873,1.2129605238319765,-0.8131914490039691
exponential_gldm_DependenceVariance,gldm,24.474602306072196,21.078663622172428,1.2120149214974583,-0.8133584133114585
lbp-3D-m1_firstorder_Median,firstorder,12.537442548249931,11.515608438202797,1.2065225927056302,-1.0346467953832597
wavelet-HLH_glcm_Imc2,glcm,0.8767679214400981,0.9213249918795046,1.2009440536904654,0.6503582026838298
wavelet-HLL_glcm_DifferenceAverage,glcm,5.571421961108457,6.800767677307557,1.2005990970290639,0.9901079892994298
wavelet-LLL_glcm_SumEntropy,glcm,6.813089424835983,6.251752790245845,1.1947220421965496,-1.1857959458844287
wavelet-HLL_gldm_SmallDependenceLowGrayLevelEmphasis,gldm,0.0032227939589810186,0.005731130271327803,1.1885839019401274,1.6488878014448942
square_glrlm_RunEntropy,glrlm,3.536068701989519,3.5275293439737556,1.1868150320658428,-0.027483421969455673
wavelet-HHH_gldm_GrayLevelNonUniformity,gldm,47.32260198169781,28.855015733104086,1.1838873390551201,-0.8799395472626251
gradient_firstorder_Variance,firstorder,333.0395175636729,241.22418040881567,1.1724287492795793,-0.6420135674169027
square_glcm_Imc2,glcm,0.581192527354202,0.6836289151099334,1.1706072745029656,0.7249566161952968
log-sigma-4-0-mm-3D_glcm_MCC,glcm,0.708791188854077,0.8369065586512179,1.170190651239934,1.1465750176966587
lbp-3D-m1_glrlm_RunEntropy,glrlm,2.8810842975401036,2.735635357412625,1.166605505808401,-1.533074429421601
wavelet-HLH_firstorder_Variance,firstorder,701.5397598078596,1131.3455626453488,1.164687796955373,1.344745191745445
wavelet-HHH_firstorder_Range,firstorder,176.76552808850187,235.04142038880246,1.163657409121849,1.037833704924078
log-sigma-5-0-mm-3D_glcm_MCC,glcm,0.6989482486405223,0.8200189434057067,1.1634707725781104,1.073727651420713
lbp-3D-k_gldm_LargeDependenceLowGrayLevelEmphasis,gldm,213.89695752398856,139.7521313397414,1.161118401713975,-1.0545790798495864
lbp-3D-m2_gldm_DependenceVariance,gldm,8.611507435250262,6.657905186126372,1.140566482410028,-0.9501935015884488
lbp-3D-k_glrlm_LongRunHighGrayLevelEmphasis,glrlm,9.96959195341667,7.670521497510679,1.137107286587632,-0.9927724951628911
square_gldm_DependenceEntropy,gldm,5.672674828834024,5.459859444532656,1.1366784565302823,-0.8179393637394475
wavelet-HLH_glrlm_RunEntropy,glrlm,4.495800805746369,4.582372558480488,1.1363705494275818,0.33286637531006036
wavelet-HLH_firstorder_90Percentile,firstorder,28.31645540743035,34.75949459239382,1.1358312745366148,0.8750584373881662
lbp-3D-m2_glcm_Autocorrelation,glcm,8.373850886930617,7.6653986135221075,1.1348789017946945,-0.7599422595601053
logarithm_firstorder_TotalEnergy,firstorder,7357474641.348474,1600200758.8421903,1.134656357785956,-1.07698512803305
wavelet-LLH_firstorder_90Percentile,firstorder,218.25057451315286,211.25900308771733,1.1229327489452923,-0.1452072004817949
wavelet-HHL_glcm_Imc2,glcm,0.8636304033933756,0.9012582012221231,1.118424721273961,0.5479363740490989
lbp-3D-m1_gldm_DependenceEntropy,gldm,5.053175890441222,4.855477028894941,1.118126202726043,-1.3476320861783022
wavelet-LHL_glszm_SizeZoneNonUniformity,glszm,219.27777950693672,181.33639094340543,1.1116379696845808,-0.6655444662321991
wavelet-LHH_firstorder_Maximum,firstorder,207.07582030027206,268.8363415025229,1.110074411717194,0.8503118688553349
wavelet-LLH_firstorder_Entropy,firstorder,6.4813953482791105,6.101026777027996,1.1083987477536712,-1.2427576461139642
wavelet-HLL_gldm_GrayLevelNonUniformity,gldm,28.64319700219696,19.334976035208054,1.1076128280323339,-0.7713548290932644
gradient_glszm_ZoneEntropy,glszm,5.281235482406946,4.941667133719221,1.1068156309979644,-1.0637232326689994
wavelet-HLL_glcm_Idn,glcm,0.9324603243035136,0.91521389442308,1.10514512148401,-0.9706626917067029
gradient_glcm_JointEntropy,glcm,6.348751276962263,5.7333911885894375,1.1028300711592136,-0.9676646016359219
wavelet-LLH_firstorder_Range,firstorder,715.2971258179489,664.2874428557736,1.102093154124647,-0.32100394283920364
wavelet-HLL_glcm_Imc2,glcm,0.9319477289166488,0.9518198462505134,1.0981380039747177,0.4735510179249859
square_gldm_DependenceNonUniformityNormalized,gldm,0.11768549558484691,0.14218684486748012,1.097131548650946,0.68566786894706
wavelet-HLL_glcm_JointEntropy,glcm,7.70314854158672,7.334861693714569,1.0953579868237096,-0.7799222061459476
wavelet-LLH_glszm_SizeZoneNonUniformityNormalized,glszm,0.7604494114695616,0.7620318897391137,1.0888145387310275,0.027753862659040635
lbp-3D-m2_glszm_HighGrayLevelZoneEmphasis,glszm,6.141180717276858,8.05943397774482,1.0847361300358953,1.0749357257280092
wavelet-LLH_firstorder_Maximum,firstorder,378.4190080269374,362.3539450938363,1.0838622169463068,-0.2044112543957879
squareroot_glcm_JointEntropy,glcm,8.584516932417152,7.835652070042193,1.081381977849907,-1.2460759378013555
wavelet-LHH_glcm_Imc1,glcm,-0.3669252895404227,-0.47241337922154164,1.081353023460861,-0.9315408065778106
exponential_glrlm_LongRunLowGrayLevelEmphasis,glrlm,23.323902912340685,15.152614732723901,1.0798490604499242,-1.0199302860596366
wavelet-HLL_firstorder_Entropy,firstorder,4.523935998499327,4.639092404893687,1.079425929534064,0.3620363776045285
square_glcm_InverseVariance,glcm,0.3541763546333191,0.33759685611833856,1.079277572788324,-0.3115780631170439
lbp-3D-m1_glszm_HighGrayLevelZoneEmphasis,glszm,15.091393597720732,13.268265123869162,1.0719247400766398,-0.934427894199102
wavelet-LHL_glcm_Correlation,glcm,0.1567738437788161,0.10835748664020665,1.0697871544648343,-0.4615407210803163
lbp-3D-m2_glszm_LowGrayLevelZoneEmphasis,glszm,0.49669825792157757,0.38929946815017547,1.06479359361625,-0.9925424651173487
wavelet-HLL_gldm_LargeDependenceEmphasis,gldm,8.8574284618458,6.163651422079963,1.063488703517573,-0.6779232061556915
original_shape_Maximum2DDiameterColumn,shape,48.4359440407136,50.991682545526466,1.0634441808973496,0.6868891030796178
lbp-3D-m1_glszm_LargeAreaLowGrayLevelEmphasis,glszm,265.0639659693217,151.28020403979264,1.063308863584334,-0.7955128388267496
wavelet-HLL_firstorder_InterquartileRange,firstorder,32.727216447415564,42.45916292994945,1.060096986486278,1.07963130814256
log-sigma-5-0-mm-3D_glcm_JointEntropy,glcm,7.003844712735448,7.334186095116586,1.0506637878595515,0.5177789098707091
wavelet-LHH_glszm_GrayLevelNonUniformity,glszm,9.386480844566302,7.1124211479762405,1.050575292095381,-0.8064189886591021
wavelet-LLH_glcm_Idn,glcm,0.8386380999749962,0.8467628314062158,1.0481438265349545,0.35661341766968924
wavelet-LLH_glcm_Contrast,glcm,1977.940186744007,1750.0602546528426,1.0471826117621508,-0.2205827971673439
wavelet-LLH_glcm_Correlation,glcm,-0.09562152067221164,-0.10799978711572511,1.0462423580210842,-0.14631245555819888
wavelet-LLL_glcm_MCC,glcm,0.8660535313206003,0.9208917013756629,1.0453195745155999,0.6605936178986219
wavelet-LHH_glszm_ZoneEntropy,glszm,6.226812530048309,6.091226268832849,1.043312379057083,-0.57817965201107
wavelet-HHH_gldm_DependenceEntropy,gldm,5.781486274507109,5.692949590237474,1.0428955818486176,-0.4701967556132655
gradient_glcm_Imc2,glcm,0.7292182454791488,0.7339070644709265,1.034987546972366,0.048365248120965675
gradient_gldm_SmallDependenceHighGrayLevelEmphasis,gldm,24.700536325610972,20.097961611592634,1.0308696714777652,-0.3597967850361648
wavelet-LHH_glszm_SizeZoneNonUniformity,glszm,220.01163984714327,175.3707151560955,1.0245613353819882,-0.7113579303666875
original_shape_Elongation,shape,0.7929152454051613,0.7612422683443933,1.0220055246836617,-0.48791959524906225
wavelet-LHH_firstorder_Range,firstorder,427.740491676544,527.3638982683981,1.0215300336355355,0.7070572092310867
lbp-3D-k_glszm_ZonePercentage,glszm,0.01635810710523004,0.027233632213323707,1.0196646789032542,1.1549822071654607
wavelet-HHL_gldm_LargeDependenceEmphasis,gldm,11.672289073300252,7.490194964232644,1.0180351500943843,-0.7023751755120401
log-sigma-4-0-mm-3D_gldm_LargeDependenceEmphasis,gldm,15.466671916438928,6.93292054738888,1.0172693932713321,-0.897551630022776
log-sigma-3-0-mm-3D_glrlm_LongRunHighGrayLevelEmphasis,glrlm,260.4264411386218,640.1933554406414,1.007388355311875,2.1846164166054005
wavelet-HLL_firstorder_10Percentile,firstorder,-28.016521623677896,-36.072152579739424,1.007099661559672,-0.9010837537858687
wavelet-LHL_glcm_Idn,glcm,0.9205022236246432,0.9171610820954298,1.0066950743666485,-0.14744830252975422
exponential_glrlm_RunVariance,glrlm,3.987824204530762,3.597661765002405,1.0052522168541076,-0.34410293912320045
wavelet-LLL_firstorder_Uniformity,firstorder,0.013654460733375492,0.0168723079301242,1.0022788508292269,0.7667207633753415
lbp-3D-k_glszm_ZoneVariance,glszm,16245.543401328774,7517.12533093875,1.001846904541121,-0.8318107110828574
log-sigma-5-0-mm-3D_gldm_DependenceVariance,gldm,3.695085712835306,1.7736154724999385,1.001069126975876,-0.847846074571793
wavelet-HHL_glszm_SizeZoneNonUniformity,glszm,100.7138259023414,107.64719139780625,0.991054156477074,0.24193732068292992
wavelet-LHL_firstorder_Kurtosis,firstorder,8.14113250343909,9.937021308989609,0.9902236954672747,0.48007464346943557
wavelet-HHL_glcm_Correlation,glcm,0.011737970376408216,-0.01096606686320313,0.9862742130137124,-0.7341713044015125
wavelet-LHL_gldm_SmallDependenceLowGrayLevelEmphasis,gldm,0.002640067867744699,0.004142091842855709,0.9853822574648061,1.427247623318491
log-sigma-4-0-mm-3D_gldm_DependenceEntropy,gldm,6.303041770017565,6.275132020456981,0.9840448258036731,-0.102000696802212
gradient_glcm_DifferenceEntropy,glcm,3.057515352917158,2.780968729885898,0.9836864405768482,-0.769763413266331
lbp-3D-m1_glrlm_LongRunLowGrayLevelEmphasis,glrlm,0.4104941619729702,0.42684792265522076,0.9828624982435439,0.2093074711655832
wavelet-HLH_gldm_LargeDependenceEmphasis,gldm,8.796891997830096,6.289281596452382,0.982219504874941,-0.5894275955898571
square_glcm_Correlation,glcm,0.28403411685588487,0.29138424064262713,0.9816716640456752,0.05623799423453058
wavelet-HHH_gldm_DependenceVariance,gldm,3.3078492172163783,2.0438111311930434,0.9803701860075338,-0.6860049514427118
wavelet-HHH_firstorder_Maximum,firstorder,90.85522940456659,115.04833356379243,0.9710948550656867,0.7566112717077913
original_glcm_MCC,glcm,0.6618667191335225,0.7675560604145787,0.9691354813512494,0.8156854168076396
square_glcm_JointEntropy,glcm,5.314909127617272,5.066129757947818,0.967527469618583,-0.25594153544541526
wavelet-HLH_glszm_GrayLevelNonUniformity,glszm,11.393607783305956,9.467846876262708,0.9647492535732141,-0.756554500138165
lbp-3D-m2_gldm_LargeDependenceLowGrayLevelEmphasis,gldm,7.338041909945538,6.341283556847081,0.9632983284974485,-0.6044482008004177
lbp-3D-k_firstorder_Median,firstorder,-0.5579758428238568,-0.4491891565753304,0.9631225121072208,0.6994243205122814
gradient_firstorder_Median,firstorder,24.709505737300905,21.011501043885197,0.9619183200980271,-0.47819507739909706
square_firstorder_Median,firstorder,17.028314977647337,18.445835894854127,0.9591527860249045,0.15196881251315691
wavelet-LLH_firstorder_InterquartileRange,firstorder,188.5853942427849,167.59896184074435,0.9582252285187609,-0.35939194556847553
original_shape_MajorAxisLength,shape,47.10169925042321,49.46109481317944,0.9571020865019224,0.5039311097042778
wavelet-HLH_glcm_Idn,glcm,0.901493918201134,0.891023582851763,0.9527530118778343,-0.53197884333223
wavelet-LLH_gldm_LargeDependenceEmphasis,gldm,2.127158963186688,2.34322059723117,0.9523857980462691,0.46579901868696827
lbp-3D-m2_firstorder_Skewness,firstorder,-0.7400305257007163,-0.5155714284599381,0.9513523438738972,0.7985174415322367
original_glszm_SizeZoneNonUniformity,glszm,162.43204805752052,134.8505989210907,0.9475662159055439,-0.517561842474698
lbp-3D-m1_gldm_LargeDependenceLowGrayLevelEmphasis,gldm,8.1688518472891,7.068153474260419,0.9472160773451956,-0.4700041663358232
square_glcm_DifferenceAverage,glcm,1.9885554998236434,2.467694155207255,0.9468384504856943,0.5815933755738025
wavelet-HHH_glszm_GrayLevelNonUniformity,glszm,11.805905485268609,9.826187834691032,0.9438144306973625,-0.7424891306674186
original_glrlm_LongRunLowGrayLevelEmphasis,glrlm,0.02279103198779111,0.019406219049161205,0.9413616968796416,-0.2978863508548746
gradient_glcm_ClusterProminence,glcm,3919.844937404204,2622.477579099187,0.9393812845007625,-0.37945345817516724
wavelet-LLH_firstorder_Median,firstorder,29.088528963322783,47.933054556742434,0.9378525777471108,0.697460796548695
lbp-3D-k_glcm_ClusterProminence,glcm,0.3979380827027016,0.43747031389447216,0.9372146429139803,0.39520390325046506
log-sigma-5-0-mm-3D_firstorder_Maximum,firstorder,193.82618184316726,182.42267300016317,0.9365279547078462,-0.38870459931382867
wavelet-LLL_firstorder_Minimum,firstorder,-471.4410236085707,-443.2871242560204,0.9358011469172315,0.3721662200546363
lbp-3D-m2_firstorder_90Percentile,firstorder,17.144368500032293,16.765876139755434,0.9351700813868824,-0.8102713908773461
lbp-3D-m2_glszm_SizeZoneNonUniformity,glszm,3.8837037612428373,5.691060421181857,0.9327612979493686,1.0586162686057854
log-sigma-5-0-mm-3D_firstorder_InterquartileRange,firstorder,62.12781678014509,53.4612722407521,0.9316782824827237,-0.3940400743713182
square_glrlm_RunLengthNonUniformity,glrlm,293.7804392230218,217.09875437040301,0.9312007881803428,-0.7604048359695142
wavelet-HLH_glszm_ZoneEntropy,glszm,5.7680929172936555,5.595122348710954,0.9311326738480448,-0.7423312367860794
wavelet-LLL_glcm_Imc1,glcm,-0.5864730811706588,-0.6443919823122195,0.9311314913923286,-0.5294281998358062
log-sigma-3-0-mm-3D_firstorder_Median,firstorder,65.66089574283077,64.03218808373315,0.928742153378661,-0.06734036183229464
gradient_glcm_Imc1,glcm,-0.12695290878772705,-0.16084752506972505,0.9236992727651105,-0.8027508867681852
square_gldm_LowGrayLevelEmphasis,gldm,0.282247792510261,0.3169894882329831,0.9216211277340601,0.19987325939234757
log-sigma-5-0-mm-3D_glszm_GrayLevelNonUniformity,glszm,9.067186838737692,7.071526079737541,0.9214506855772894,-0.7986615348375093
log-sigma-4-0-mm-3D_firstorder_Maximum,firstorder,205.5852956998916,198.9690829393652,0.9204776401472533,-0.2000923471406859
log-sigma-4-0-mm-3D_glszm_GrayLevelNonUniformity,glszm,8.79457070178123,6.8829625747335585,0.9184706307958119,-0.7905368275131163
wavelet-HLH_firstorder_Range,firstorder,219.14619408564826,238.57398611641287,0.9147842902644471,0.29700141266784824
lbp-3D-m2_glrlm_LongRunLowGrayLevelEmphasis,glrlm,0.3845604191990825,0.39415020109754234,0.9146971861870608,0.14822068136823258
lbp-3D-m2_glcm_ClusterShade,glcm,-0.6374067111880681,-0.38515691823108994,0.9135227630275548,0.7304009695741884
wavelet-LHH_glszm_SizeZoneNonUniformityNormalized,glszm,0.6398554184536579,0.6858504576022982,0.91341043431588,0.5719063096393271
lbp-3D-k_glrlm_HighGrayLevelRunEmphasis,glrlm,1.9783180277203494,2.052954870117836,0.908931054823432,0.3624231547719239
wavelet-HHH_glcm_Idn,glcm,0.9081109634056422,0.9089893475629441,0.9066765919678297,0.04705277640416475
square_glcm_Imc1,glcm,-0.09285153196149905,-0.16009386688168237,0.9064965017322425,-1.2410177280894235
wavelet-LLL_firstorder_Range,firstorder,746.2322165992165,665.4449946282969,0.9063711983490731,-0.32788956439806555
gradient_glszm_ZonePercentage,glszm,0.32889901829187723,0.3473990544731092,0.9059129112528783,0.18722100861271074
wavelet-LLL_glcm_Contrast,glcm,930.3524237734862,731.2172490743457,0.9053544362097355,-0.36196290799035824
logarithm_glszm_SizeZoneNonUniformity,glszm,179.96065622670145,148.08590681145822,0.9049717616543809,-0.3962474697380428
wavelet-LLL_gldm_DependenceNonUniformityNormalized,gldm,0.590257407144975,0.5955771755046825,0.9028292130993081,0.06256169320427377
lbp-3D-m2_glszm_GrayLevelNonUniformityNormalized,glszm,0.35938513456609417,0.332326348178664,0.8973105412433,-0.4982150285940175
logarithm_glcm_MCC,glcm,0.7928548327574093,0.8565997433906631,0.897205685197695,0.39289171546728596
lbp-3D-k_glcm_DifferenceEntropy,glcm,0.8218991847043373,0.8639543332605418,0.8967158409235606,0.32984755589216613
log-sigma-3-0-mm-3D_glcm_JointEntropy,glcm,7.061793533501064,7.3852705813920565,0.8954116734956296,0.4470982878142027
lbp-3D-m2_glcm_MaximumProbability,glcm,0.17258859945696345,0.17311714281334867,0.8952460666654496,0.016657947589217705
lbp-3D-m1_firstorder_90Percentile,firstorder,18.885926617448227,18.16106604244918,0.8945359269689697,-0.7758994903210601
wavelet-HLL_glcm_ClusterTendency,glcm,133.56991304123926,204.31847020640632,0.8900117785919177,0.961699740505137
wavelet-LHL_firstorder_Entropy,firstorder,5.6228821803173235,5.533132993004862,0.8899211970498853,-0.23417392266897355
wavelet-LLL_gldm_LargeDependenceHighGrayLevelEmphasis,gldm,9571.477548780915,8475.746608250598,0.8897857258229559,-0.1910336891287227
original_glcm_DifferenceEntropy,glcm,4.39063091374948,4.115890834870295,0.8862712855371948,-0.5106160460924981
square_glszm_LowGrayLevelZoneEmphasis,glszm,0.12516175885062136,0.11964037071621061,0.8858708821196215,-0.10615743129529255
original_glszm_SizeZoneNonUniformityNormalized,glszm,0.5408463875162083,0.5829750336123668,0.8856679445362287,0.4987249394626192
lbp-3D-m1_firstorder_10Percentile,firstorder,5.240809589828334,4.536443955768963,0.8846832951808464,-0.5341445420774925
log-sigma-3-0-mm-3D_glszm_GrayLevelNonUniformity,glszm,8.483868909018682,7.092879362212183,0.8840615247771578,-0.6455490756396417
wavelet-HLL_glrlm_LongRunHighGrayLevelEmphasis,glrlm,2734.5961304689235,2920.6309017456956,0.8820203281605058,0.0767956551119279
wavelet-HLL_glcm_Correlation,glcm,0.2067013617044587,0.26460839471463216,0.8798476954188944,0.4512719918635965
exponential_firstorder_10Percentile,firstorder,0.2955209785326734,0.27636396179503137,0.8793799001139826,-0.16337952354209093
wavelet-HHH_glcm_JointEntropy,glcm,6.844906599088463,6.785663204411202,0.8792204067305265,-0.09519996878331909
wavelet-HLL_glszm_GrayLevelNonUniformity,glszm,9.530634925264584,8.27785303121247,0.8791370334837747,-0.5502613195406154
square_gldm_LargeDependenceHighGrayLevelEmphasis,gldm,424.449418667036,867.6972658657884,0.8767707582046345,1.6630944515554598
gradient_firstorder_InterquartileRange,firstorder,24.656288244658047,19.600895567455485,0.8763283497378137,-0.5567556046698624
gradient_glszm_SizeZoneNonUniformity,glszm,61.56043952686584,45.59209526606066,0.875870367913632,-0.5770119741435077
square_glszm_ZoneEntropy,glszm,4.849075550146449,4.7008188757390945,0.8748463179548602,-0.31043758166577073
wavelet-HHH_glrlm_LongRunHighGrayLevelEmphasis,glrlm,469.3349486450594,893.9353257600796,0.871162828494747,1.2478638037595202
gradient_glcm_Correlation,glcm,0.13165615543781542,0.13073603237381537,0.8699108367522232,-0.009431405205182073
gradient_glszm_GrayLevelNonUniformityNormalized,glszm,0.0818940509345943,0.1010326866287407,0.8693178133689283,0.8515233362175632
gradient_gldm_DependenceNonUniformityNormalized,gldm,0.1664412849664821,0.18009449066736394,0.8686610728734612,0.30030263707383087
logarithm_glszm_SizeZoneNonUniformityNormalized,glszm,0.5884590989965861,0.6166707378948698,0.8685512184894743,0.22101727577483937
exponential_glszm_LargeAreaLowGrayLevelEmphasis,glszm,195107.83824124277,96076.88762157604,0.8681287862822296,-0.6715124746252747
lbp-3D-m2_firstorder_Maximum,firstorder,19.168315461838077,19.01807277153157,0.8677726954055499,-0.3405124737386367
log-sigma-3-0-mm-3D_firstorder_90Percentile,firstorder,123.79022000706387,120.21264974060571,0.867606122146489,-0.14568203992758702
original_gldm_LargeDependenceEmphasis,gldm,4.759425894190005,4.426041635981969,0.8663521757903005,-0.1968311627122988
lbp-3D-m2_gldm_DependenceEntropy,gldm,4.9188021016562935,4.763280457143146,0.8662979413766806,-0.9991694508259192
lbp-3D-k_gldm_DependenceEntropy,gldm,4.67631672629798,4.523925233131915,0.8646373447859582,-0.7456911101052934
log-sigma-3-0-mm-3D_firstorder_Maximum,firstorder,201.47904711677916,197.23280443098878,0.8644301430944291,-0.12155432718778658
lbp-3D-m2_firstorder_Variance,firstorder,17.523217024536127,18.891928838235195,0.8612567126500942,0.39536283477183326
square_glrlm_LongRunHighGrayLevelEmphasis,glrlm,38.671878384920944,85.14259566344752,0.8593510771944083,1.7235928912295002
wavelet-HLH_glcm_MCC,glcm,0.6434833049420151,0.7171191231622425,0.8567938607228168,0.6187524088432311
wavelet-LHL_glszm_LowGrayLevelZoneEmphasis,glszm,0.0036876336820300852,0.005445741922717039,0.8560986585641635,1.2436420679004447
lbp-3D-m2_firstorder_InterquartileRange,firstorder,5.795869848945478,6.2874546692455615,0.8551076054583024,0.5347231344777812
log-sigma-4-0-mm-3D_gldm_DependenceNonUniformity,gldm,85.14913342695691,96.38181456250743,0.8545267211739981,0.5186829265268988
original_glszm_SmallAreaLowGrayLevelEmphasis,glszm,0.016944423542197794,0.01634243724878241,0.8505486657476556,-0.07845497755067124
wavelet-HLL_firstorder_90Percentile,firstorder,45.121262522646326,54.40506177905801,0.8495564382048407,0.6618080833387071
wavelet-HLL_glcm_MCC,glcm,0.8251766017694097,0.838115565427891,0.8492794852679177,0.12099317431757041
log-sigma-3-0-mm-3D_glszm_LowGrayLevelZoneEmphasis,glszm,0.025844647369931275,0.015898014065479988,0.8487314942243591,-0.6539421298392362
lbp-3D-m1_firstorder_Skewness,firstorder,-0.25125105669331627,-0.10158272983631864,0.8486331405109603,0.7217483944682784
log-sigma-3-0-mm-3D_glcm_Idmn,glcm,0.9762844476885594,0.977734919770602,0.8471863350884453,0.20231589718776505
log-sigma-3-0-mm-3D_glszm_ZoneEntropy,glszm,5.816699999874644,5.9441363239238605,0.844800552876109,0.377607464935042
log-sigma-5-0-mm-3D_glszm_ZoneEntropy,glszm,5.707287340158087,5.884758648522141,0.8445870098701557,0.5352905030745658
square_firstorder_RobustMeanAbsoluteDeviation,firstorder,6.724057982804087,9.289117933248471,0.8440401399054489,0.8584522285764788
log-sigma-3-0-mm-3D_glcm_MaximumProbability,glcm,0.03160340983633462,0.024286842930754008,0.8418813142063456,-0.4330258967831757
wavelet-LLL_firstorder_Kurtosis,firstorder,2.8624482830522684,3.0243693103985048,0.8413198624947147,0.24923740366243297
wavelet-HLH_glszm_SizeZoneNonUniformity,glszm,113.198664262934,112.3652990149271,0.8396178247233548,-0.02332650046965756
log-sigma-3-0-mm-3D_gldm_DependenceEntropy,gldm,6.254123012439402,6.230566664888152,0.8374197318447106,-0.08865792988824457
wavelet-HLH_firstorder_Kurtosis,firstorder,6.2741968931409025,5.7273272008221845,0.8368570292205847,-0.23012761373545562
lbp-3D-m2_glcm_JointEntropy,glcm,3.5184748823187366,3.54287336720363,0.8348314419833854,0.1114018870829881
wavelet-LHL_glrlm_GrayLevelNonUniformity,glrlm,12.719870157043873,9.556579791448765,0.8323757033561123,-0.540851415031823
exponential_gldm_DependenceNonUniformity,gldm,46.744257605762314,30.269599650769617,0.8315493462955285,-0.6169547625913017
gradient_glszm_SizeZoneNonUniformityNormalized,glszm,0.3962972170880386,0.40269102981878513,0.8266516345820265,0.09069591928970169
log-sigma-3-0-mm-3D_gldm_DependenceNonUniformity,gldm,85.20809516836967,99.74932678297299,0.8259529218173437,0.6278923891206118
wavelet-LHH_glcm_Idn,glcm,0.8803789037983436,0.8925357555872923,0.8258939034266163,0.4717979100493272
logarithm_gldm_SmallDependenceLowGrayLevelEmphasis,gldm,0.01490735630315422,0.015851171409396753,0.8246153160315886,0.1389262080615773
log-sigma-4-0-mm-3D_glszm_ZoneEntropy,glszm,5.789860341900012,5.946094342513267,0.8234266632098708,0.44520335496651753
log-sigma-5-0-mm-3D_gldm_LargeDependenceHighGrayLevelEmphasis,gldm,2362.781414152149,2814.7276963042195,0.821685899218259,0.461201635288744
wavelet-HHH_glszm_SizeZoneNonUniformity,glszm,93.64949868611994,100.06754073551824,0.8205300840588786,0.20648619500113222
lbp-3D-k_gldm_DependenceNonUniformityNormalized,gldm,0.056575565164688375,0.07059656610743703,0.8198608249887518,1.2242283118626156
wavelet-LHL_glcm_MCC,glcm,0.914977742097225,0.9263600834416736,0.8158815917227497,0.17158765312963714
lbp-3D-m1_gldm_DependenceNonUniformity,gldm,49.53266866012169,41.517164344477564,0.8157445194062621,-0.5158644801570947
wavelet-HHL_glszm_GrayLevelNonUniformity,glszm,10.686050379347284,9.406028960850835,0.8155894428949664,-0.5013607981378346
original_gldm_LargeDependenceLowGrayLevelEmphasis,gldm,0.095329126758446,0.07394410492397836,0.8127914243291888,-0.2655638153878451
original_shape_SurfaceArea,shape,4087.253178600668,3912.4761301834624,0.8078506519059399,-0.2227297095221354
wavelet-HLL_firstorder_Kurtosis,firstorder,11.790473786644359,7.978705479100614,0.806962572585783,-0.5038898435706056
gradient_glrlm_ShortRunLowGrayLevelEmphasis,glrlm,0.09441480037421417,0.11975929172832865,0.8065095523424634,0.6041531893773758
square_glszm_SmallAreaLowGrayLevelEmphasis,glszm,0.06435154094053129,0.060857870686493676,0.8061793379383364,-0.1092411514482929
wavelet-LLH_glcm_ClusterProminence,glcm,12642498.040200619,13266931.221096607,0.8043828164188709,0.0495071476817376
squareroot_glrlm_LongRunLowGrayLevelEmphasis,glrlm,0.021460132488761573,0.019590225709322614,0.800382239328292,-0.14294550358290933
exponential_glrlm_RunLengthNonUniformity,glrlm,47.43504423098951,60.717862764148975,0.7998601618064894,0.9951570150112352
wavelet-LHL_firstorder_InterquartileRange,firstorder,78.37954328620559,83.35134564094167,0.7986383375312271,0.17445248463024982
log-sigma-5-0-mm-3D_firstorder_Kurtosis,firstorder,2.62713034736051,2.845873943335433,0.7981043973077875,0.4336801920868071
lbp-3D-m1_glcm_Imc2,glcm,0.39637651658216466,0.4030784286180594,0.7966188157806057,0.07914020426994439
original_firstorder_Skewness,firstorder,0.9965291344288819,0.8198879824856101,0.7957372399579554,-0.30497517260622503
wavelet-LLH_firstorder_Skewness,firstorder,-0.017826759538575432,-0.0412045130566267,0.7942483905097101,-0.055697290505457776
square_glszm_SizeZoneNonUniformity,glszm,26.463954337792362,34.851688965558765,0.792201650351418,0.5460759247236814
lbp-3D-m2_firstorder_Kurtosis,firstorder,3.0286782398301977,2.634662567368679,0.7920878881022463,-0.5667045757714823
wavelet-LHH_firstorder_Entropy,firstorder,5.318920030169115,5.338477766536431,0.7913289805696905,0.04483278781337333
wavelet-HLL_firstorder_Skewness,firstorder,-0.5596005393418935,0.5997599336918126,0.7909877226710242,0.7761327103851188
lbp-3D-m1_glcm_InverseVariance,glcm,0.4643614271008457,0.47682645438052423,0.7892837166562515,0.5337675592557956
lbp-3D-k_gldm_DependenceNonUniformity,gldm,26.31942166203547,22.580880403829443,0.7855336540245323,-0.4956426318615307
log-sigma-3-0-mm-3D_gldm_LargeDependenceHighGrayLevelEmphasis,gldm,2167.722962865642,2406.8567102129355,0.785325658121748,0.19720355131068756
logarithm_glcm_SumEntropy,glcm,5.997707778944221,5.582201171733768,0.7825994446703268,-0.40130870654466044
logarithm_glcm_Correlation,glcm,0.30282065972834477,0.31722004186473596,0.7820515636784925,0.07810187462065342
log-sigma-5-0-mm-3D_firstorder_Skewness,firstorder,-0.06776554725971044,0.06322299036165939,0.7803974145668976,0.39178418974829404
gradient_glszm_LowGrayLevelZoneEmphasis,glszm,0.08838791265030743,0.11428588200943589,0.7784761412081789,0.6735453782889519
log-sigma-3-0-mm-3D_firstorder_Kurtosis,firstorder,3.470696849160209,4.015412680503816,0.777560807733427,0.5087379255415114
lbp-3D-k_glcm_ClusterShade,glcm,0.20997690104080524,0.19075258104493173,0.7773107240045902,-0.37875167806667165
gradient_glszm_SmallAreaLowGrayLevelEmphasis,glszm,0.05374028621410989,0.07069278556097457,0.777006178411913,0.70087043127134
lbp-3D-m2_glcm_Idn,glcm,0.8251413879756515,0.8223143035611593,0.7756495376298875,-0.18056549209386652
log-sigma-5-0-mm-3D_glszm_LowGrayLevelZoneEmphasis,glszm,0.0302720872266145,0.017136698678426463,0.7715847681644227,-0.6299794242324774
square_glszm_GrayLevelNonUniformityNormalized,glszm,0.14102304360875012,0.14001249403783464,0.7705421810010904,-0.017072787462870487
log-sigma-5-0-mm-3D_firstorder_90Percentile,firstorder,146.78682092787727,140.0763876558748,0.7700487122477596,-0.24941027650799785
gradient_firstorder_10Percentile,firstorder,8.928634412941479,8.1941123900102,0.7685690386659447,-0.22956436507401323
wavelet-LLL_firstorder_InterquartileRange,firstorder,214.66061183698855,206.37136535634872,0.7676248119772834,-0.08028120081583591
gradient_gldm_GrayLevelNonUniformity,gldm,52.55224810957248,47.19287551788475,0.7671917655876417,-0.21188846460923624
original_firstorder_Maximum,firstorder,129.5173930385902,121.83158799734208,0.7656887052030665,-0.06688079783370303
wavelet-HLH_glrlm_LongRunHighGrayLevelEmphasis,glrlm,677.7072314177266,832.5847740270106,0.7641894140679606,0.3574922333661299
gradient_glszm_GrayLevelNonUniformity,glszm,11.756934385702495,10.17940598713829,0.7641757486212529,-0.5213034329084524
logarithm_glcm_Idn,glcm,0.9023047416925226,0.899017328662338,0.7640436053861284,-0.06738847768558943
wavelet-HHH_glszm_GrayLevelNonUniformityNormalized,glszm,0.06440061758204761,0.05938376392061462,0.7636434988175069,-0.2746869888497846
wavelet-LHH_firstorder_Variance,firstorder,3896.6804022896945,5969.10584390248,0.7619571299641592,0.7503959356577232
wavelet-HLL_glrlm_LongRunLowGrayLevelEmphasis,glrlm,0.004873989358983633,0.00878631797080145,0.7607790730608379,1.257298951484616
wavelet-LHH_gldm_LargeDependenceEmphasis,gldm,3.444144906565533,3.177327170888328,0.7589253136996476,-0.20690608716766531
square_gldm_SmallDependenceLowGrayLevelEmphasis,gldm,0.021202665184328583,0.026008773751299508,0.7532721490526725,0.6185380360000751
squareroot_glszm_SmallAreaLowGrayLevelEmphasis,glszm,0.015118747718323527,0.015368264386205296,0.7529362666089372,0.031245038307328773
wavelet-LLL_firstorder_Skewness,firstorder,0.41911190806769233,0.4519077343140899,0.7526871246247712,0.10469605720546411
wavelet-LLL_glcm_Idn,glcm,0.8754700275471438,0.8810152974523386,0.7504052299665408,0.272697275552079
logarithm_gldm_GrayLevelNonUniformity,gldm,21.63654635536222,16.261396074844814,0.7495367524255454,-0.3351939996510866
log-sigma-4-0-mm-3D_firstorder_Skewness,firstorder,0.1369324226770686,0.34170371673192385,0.7492242167350545,0.5112613192054132
wavelet-HLH_gldm_LargeDependenceHighGrayLevelEmphasis,gldm,4455.322332755823,3389.794670193032,0.7487984962937714,-0.35298035921960114
wavelet-LLL_glcm_Correlation,glcm,0.4224625993591424,0.4697052967050485,0.7484643215485748,0.17462336578439772
wavelet-LLL_firstorder_10Percentile,firstorder,-350.36441746058,-340.5643108508805,0.7449813707246857,0.11636748977088092
log-sigma-5-0-mm-3D_gldm_LowGrayLevelEmphasis,gldm,0.02316289061503006,0.01487310622862578,0.7437064851694664,-0.5524897430666421
lbp-3D-m2_glcm_Imc2,glcm,0.31413663688918025,0.34022002500145443,0.7409500466089126,0.3919241606115976
lbp-3D-k_glszm_LargeAreaHighGrayLevelEmphasis,glszm,40482.05236267257,18681.370897535366,0.7387183683426202,-0.5234864266524186
log-sigma-3-0-mm-3D_firstorder_InterquartileRange,firstorder,58.45180386640427,53.66561143224906,0.7355210706727252,-0.18554850971820963
lbp-3D-m2_glszm_GrayLevelVariance,glszm,1.3300200344634334,1.4669313093465501,0.7350608864818164,0.35483895930257603
wavelet-LHL_firstorder_Median,firstorder,11.042365841920443,15.933333086917287,0.7293223430856776,0.4268139391610175
wavelet-LHH_glrlm_LongRunHighGrayLevelEmphasis,glrlm,2631.0704176016097,3668.4583492198863,0.7291057727940973,0.5322431742263873
log-sigma-4-0-mm-3D_glszm_LowGrayLevelZoneEmphasis,glszm,0.028777025681490473,0.016700861208627283,0.7265766268282389,-0.5889476937186193
log-sigma-4-0-mm-3D_firstorder_Minimum,firstorder,-31.12297340092205,-9.325661898582824,0.7258130063554982,0.3505851451069447
lbp-3D-m2_glrlm_RunEntropy,glrlm,2.6888005944013726,2.5740785604894985,0.7245965192075172,-1.0811408961993954
square_gldm_LargeDependenceLowGrayLevelEmphasis,gldm,30.65395896234458,31.7081390420047,0.722707505728838,0.02854853409937438
square_firstorder_10Percentile,firstorder,4.488899088631111,5.069761450072574,0.7214431183714533,0.1048094024644098
log-sigma-4-0-mm-3D_gldm_LargeDependenceHighGrayLevelEmphasis,gldm,2204.9452425321474,2570.4529546557465,0.721262986353238,0.3333839443409601
square_glszm_LargeAreaHighGrayLevelEmphasis,glszm,3172.355892075771,2497.085659280373,0.7212005447180222,-0.19265546792068056
wavelet-LLH_gldm_LargeDependenceHighGrayLevelEmphasis,gldm,13918.348843348043,12175.701356081636,0.7194760300978856,-0.21488710058774513
lbp-3D-k_firstorder_90Percentile,firstorder,0.48012197999193235,0.6307969438801345,0.7182841610608075,0.3960803952422619
lbp-3D-m1_glszm_LowGrayLevelZoneEmphasis,glszm,0.2541175259043038,0.25534184798194687,0.7173384625653509,0.018247243936766327
log-sigma-3-0-mm-3D_firstorder_Skewness,firstorder,0.29702689853400305,0.6109550429667734,0.7155139061138044,0.610178050484292
wavelet-LLL_firstorder_Mean,firstorder,-169.83797777167314,-173.18408957313525,0.7126990376514298,-0.024371749532094346
lbp-3D-m1_glszm_SmallAreaHighGrayLevelEmphasis,glszm,8.593873708940281,7.770492098257273,0.7123480782132777,-0.41182044108638205
log-sigma-5-0-mm-3D_glszm_LargeAreaHighGrayLevelEmphasis,glszm,6535.501653131203,3194.0504480569853,0.7112884806906927,-0.5821006261721297
log-sigma-3-0-mm-3D_gldm_SmallDependenceLowGrayLevelEmphasis,gldm,0.006096390011020177,0.007362225604775743,0.7096126855708061,0.4470705927745142
log-sigma-4-0-mm-3D_glcm_Idn,glcm,0.8936651172450133,0.8983518404097217,0.7058212681884491,0.22628399680073516
lbp-3D-m1_glcm_Correlation,glcm,-0.05181897981252069,-0.05728405693370748,0.7049445431738962,-0.11352227402632499
log-sigma-4-0-mm-3D_gldm_LowGrayLevelEmphasis,gldm,0.023032790668663962,0.014780724493694433,0.7046447612076767,-0.5058980563667829
gradient_firstorder_Minimum,firstorder,1.8631180829945064,2.02960677134806,0.7045123671299666,0.17175168779235403
lbp-3D-m1_glszm_SizeZoneNonUniformity,glszm,8.96685645947441,10.375541225980864,0.7034956857891017,0.39432831427800713
lbp-3D-m1_glcm_DifferenceVariance,glcm,0.9124905415289878,0.8766778704206065,0.702093674852505,-0.264971829172077
lbp-3D-k_glszm_ZoneEntropy,glszm,2.1248914989801446,2.2710081783620977,0.7009963694541634,0.258166312456751
lbp-3D-m1_glcm_ClusterShade,glcm,-0.0440536074923006,0.26732680961271943,0.7005666480515251,0.6263060624139939
exponential_firstorder_Median,firstorder,0.480571321962479,0.6847149752094001,0.6984487675978898,0.7109702074463822
log-sigma-3-0-mm-3D_glszm_SmallAreaLowGrayLevelEmphasis,glszm,0.015149102817059144,0.011840629883259814,0.6971829085907315,-0.37120590949632354
squareroot_firstorder_Variance,firstorder,28193.058769160638,18408.757901168992,0.6963883325324082,-0.2996228910274055
lbp-3D-m2_glcm_ClusterProminence,glcm,7.250385414649626,7.156989486195875,0.6962456301154851,-0.051280575895993434
wavelet-HHH_gldm_LargeDependenceHighGrayLevelEmphasis,gldm,3868.625088635948,4564.12730661199,0.6953816565118942,0.2582637614291445
logarithm_gldm_LowGrayLevelEmphasis,gldm,0.03408897378549884,0.031143116058034114,0.6947028187009747,-0.11694919724993824
wavelet-HLL_glcm_MaximumProbability,glcm,0.022197296589336658,0.025863828135231092,0.693713364543122,0.32839030089636595
original_glcm_Imc2,glcm,0.9514420382009728,0.9701698520446276,0.6929029812794129,0.32818784570485005
lbp-3D-k_firstorder_Kurtosis,firstorder,5.645609639949081,5.374680297497587,0.692779203464159,-0.14220497601090712
lbp-3D-m2_glcm_InverseVariance,glcm,0.4975489285986561,0.5011145895576571,0.6925125057342416,0.19086485730199443
lbp-3D-m1_glcm_JointEntropy,glcm,4.022959827616127,3.9444473472477988,0.6902159529914518,-0.3225811688326093
log-sigma-5-0-mm-3D_firstorder_Mean,firstorder,91.75411589410211,91.8258631883486,0.6892379670287236,0.002373485237733951
wavelet-HLH_gldm_SmallDependenceLowGrayLevelEmphasis,gldm,0.0045126643321002245,0.006427218354004782,0.6881517180465513,0.8053127211082927
wavelet-LLL_gldm_LargeDependenceEmphasis,gldm,2.1606855520474615,2.2067294345458306,0.6862583187001432,0.08063113555495788
lbp-3D-m1_glszm_SmallAreaLowGrayLevelEmphasis,glszm,0.11509975995126451,0.11818782922089156,0.6860478049241062,0.06160441619207064
wavelet-HHH_firstorder_Kurtosis,firstorder,7.11970956598732,7.660208870574069,0.6856502135559153,0.16716231752374586
lbp-3D-m2_glcm_DifferenceVariance,glcm,0.6680434646506368,0.6708343449162666,0.6840861272859516,0.029425853853343117
lbp-3D-k_glszm_GrayLevelVariance,glszm,0.146236705411305,0.1534174554038592,0.6797700960776818,0.10282553577636985
gradient_gldm_LargeDependenceEmphasis,gldm,19.340545976108636,19.001385682300384,0.6777684190812437,-0.029692687115170303
wavelet-HHH_glszm_LargeAreaHighGrayLevelEmphasis,glszm,13400.894497117808,9155.126950892443,0.6762162325697154,-0.2936534863233873
lbp-3D-k_glszm_SizeZoneNonUniformity,glszm,1.7167864191881033,1.9657693123951143,0.6755713682649458,0.2728190020570014
gradient_glszm_LargeAreaHighGrayLevelEmphasis,glszm,1618.9712554609591,1153.4837346391294,0.6754431464016704,-0.3286227152316246
lbp-3D-k_glcm_Correlation,glcm,0.09275018105967257,0.09493183825623037,0.6742628483185236,0.03815668318783076
wavelet-HHL_glszm_LargeAreaHighGrayLevelEmphasis,glszm,27862.434661433388,10481.801789514107,0.672764723719882,-0.5171934356892318
wavelet-HHH_glcm_ClusterProminence,glcm,5774.376818139694,29796.914724778453,0.670730955438778,2.9046278545318405
wavelet-HHL_gldm_SmallDependenceLowGrayLevelEmphasis,gldm,0.003675831791179505,0.0053215061746920604,0.6695280366270192,0.878542111120893
lbp-3D-k_firstorder_Range,firstorder,4.458193307683144,4.2125640218855205,0.6688385614135605,-0.2800505032314906
squareroot_glszm_GrayLevelNonUniformity,glszm,8.499938073375638,6.615677158206255,0.6668753950054841,-0.4862524134095465
original_glcm_MaximumProbability,glcm,0.011589309634598272,0.019877098002477975,0.6663303833371867,1.3446821394889756
exponential_glcm_Correlation,glcm,0.7440478067019453,0.7501438342960639,0.663265160079121,0.015797023131392002
original_glcm_Contrast,glcm,193.85108629525084,165.2457053108725,0.6561033625588918,-0.1537044299138465
wavelet-HLL_firstorder_Median,firstorder,3.4651831362854377,4.362491569463334,0.6558957799674432,0.29072555530890876
logarithm_gldm_LargeDependenceEmphasis,gldm,5.700339315289522,5.635601249841341,0.6558768558193561,-0.01567748444068426
log-sigma-5-0-mm-3D_glcm_MaximumProbability,glcm,0.030215610752987957,0.024687636324610848,0.6555964092130385,-0.2820836018767825
wavelet-HLH_glcm_ClusterProminence,glcm,19410.912046360878,59929.344039797856,0.6544287863510329,1.7421667429124783
log-sigma-5-0-mm-3D_glcm_Idn,glcm,0.8898187275848399,0.895405125074686,0.6524201211128352,0.2910458553475303
wavelet-LHH_firstorder_Median,firstorder,0.8491164744702168,-2.203604682888435,0.6492372855560145,-0.6509042006317586
wavelet-LHH_glcm_Imc2,glcm,0.9773342778064789,0.9818996350405654,0.6481664448735345,0.15257415121680856
lbp-3D-m1_firstorder_Variance,firstorder,26.163668548582205,25.907100280143656,0.6465412757714427,-0.0498866037141584
log-sigma-5-0-mm-3D_glcm_Correlation,glcm,0.5704358092877184,0.6095686294716797,0.6424327136665868,0.19033395408991755
log-sigma-3-0-mm-3D_glcm_Correlation,glcm,0.5482257763574659,0.5394611678378542,0.6415116784776489,-0.06354399548730098
lbp-3D-k_glszm_HighGrayLevelZoneEmphasis,glszm,3.394428541746515,3.3370794593866613,0.6414306736338258,-0.13512236958417323
lbp-3D-k_glrlm_RunLengthNonUniformity,glrlm,92.00323675873913,98.46563133249944,0.633703753290803,0.17952258304797036
exponential_gldm_DependenceNonUniformityNormalized,gldm,0.09588332860591949,0.0900852787451231,0.6326103676757181,-0.1520900788630739
square_glszm_GrayLevelNonUniformity,glszm,10.540622816494595,9.663826507651992,0.6304163626101624,-0.28177277760874997
logarithm_glszm_SmallAreaLowGrayLevelEmphasis,glszm,0.022095844850464424,0.02330746299264993,0.6296620527102879,0.07938913688489176
gradient_glcm_Idn,glcm,0.8787880135015872,0.8759150248442781,0.627317598118571,-0.09215401558972335
wavelet-HLH_glszm_LargeAreaHighGrayLevelEmphasis,glszm,8850.140883773405,4639.111672636248,0.6228239165839082,-0.418849999558577
wavelet-LHH_gldm_LargeDependenceHighGrayLevelEmphasis,gldm,7402.521163455765,8656.395201713767,0.6225677574215208,0.2280555186275046
log-sigma-4-0-mm-3D_gldm_SmallDependenceLowGrayLevelEmphasis,gldm,0.006637488520328878,0.0075129510104014665,0.6217369624706587,0.2710531599942918
lbp-3D-k_glszm_GrayLevelNonUniformity,glszm,5.458907921410225,5.923472937912732,0.6193702490217419,0.1353693968548416
logarithm_glcm_MaximumProbability,glcm,0.015249671154086424,0.026360582128561818,0.6160596948636808,0.9551237631895995
exponential_glszm_ZoneEntropy,glszm,0.4706281544635647,0.7761797699954349,0.6151132365957186,0.39935741496614996
square_glcm_Idn,glcm,0.8683946275933793,0.8817712507362433,0.6132518116553497,0.47224123033634674
log-sigma-5-0-mm-3D_glszm_SmallAreaLowGrayLevelEmphasis,glszm,0.017860104431221074,0.012064429854707407,0.6084492760544238,-0.43944512525766466
original_glcm_Idn,glcm,0.8760821025378362,0.8814139896763146,0.6073796353320774,0.25915698157155237
log-sigma-5-0-mm-3D_gldm_SmallDependenceLowGrayLevelEmphasis,gldm,0.006610231888343007,0.007148684683351215,0.6057965624712368,0.17472227952118563
wavelet-HHH_gldm_SmallDependenceLowGrayLevelEmphasis,gldm,0.005165436919005798,0.005936526604817839,0.6051693634851079,0.2809158765191676
wavelet-LLH_glszm_LowGrayLevelZoneEmphasis,glszm,0.003994048421505869,0.005410183203787811,0.6039974524373187,0.757320674924075
log-sigma-3-0-mm-3D_glszm_LargeAreaHighGrayLevelEmphasis,glszm,6161.85347209836,2676.8851861036064,0.5984577357973904,-0.48910605709859983
original_glszm_LargeAreaEmphasis,glszm,4.7462403762244865,5.015852539841395,0.5961627628743181,0.07520357218860921
wavelet-LHL_glcm_MaximumProbability,glcm,0.009206225300769241,0.014873370838849024,0.5957799713742693,1.1214028782334668
squareroot_firstorder_Kurtosis,firstorder,10.237806369621264,8.758400598588615,0.595695295336047,-0.1288444238155237
gradient_firstorder_Kurtosis,firstorder,5.760010539364592,5.384423543796536,0.5920368862564899,-0.09570956698242021
lbp-3D-m1_glszm_SmallAreaEmphasis,glszm,0.509748945293886,0.517287798690245,0.5890857234135028,0.08889510666426997
logarithm_firstorder_Mean,firstorder,-328.1626205949037,-266.2768372039772,0.5814773363516664,0.34035731068661174
exponential_gldm_DependenceEntropy,gldm,3.9224947235549936,3.999858902979299,0.5676675310793351,0.20614873064204403
logarithm_glcm_ClusterProminence,glcm,799441509.2130857,243412514.86412495,0.5663751450036797,-0.430290846569494
wavelet-LHH_gldm_SmallDependenceLowGrayLevelEmphasis,gldm,0.0034998224305439517,0.004463289461611513,0.565318206397167,0.5707151335196265
logarithm_firstorder_Kurtosis,firstorder,27.9332225410805,20.362070674587876,0.5646442850002362,-0.1826057442006961
wavelet-HLH_firstorder_Skewness,firstorder,0.14687196317943504,0.05409537220613304,0.561699680515508,-0.21777399201535264
wavelet-LHL_glcm_Imc2,glcm,0.9902028114737913,0.9922079613542085,0.5585613416132822,0.14083346108297565
exponential_firstorder_90Percentile,firstorder,1.6816364717390702,4.325497319435285,0.557361766933141,1.367905778415608
square_firstorder_Range,firstorder,59.685423580881384,82.70237710943856,0.557289515777657,0.5853055510377092
logarithm_gldm_LargeDependenceHighGrayLevelEmphasis,gldm,25550.71950775898,27113.74208640485,0.551374524151717,0.035651809662475185
square_glszm_LargeAreaEmphasis,glszm,468.43104627634773,402.3495694616371,0.5460181501670206,-0.08992942259545858
logarithm_firstorder_Range,firstorder,996.9925538474238,786.2317536569691,0.5456463523114938,-0.5683895631686491
gradient_glcm_JointEnergy,glcm,0.020396908517106873,0.031866069938320564,0.5400235226580415,0.6722476014130409
exponential_glszm_ZoneVariance,glszm,12802.464113222279,7283.693906716909,0.5392190275052597,-0.23244165165855987
lbp-3D-m2_firstorder_Range,firstorder,18.923934683136114,18.696863212202544,0.5388229036233582,-0.2748405646463475
log-sigma-4-0-mm-3D_glszm_SmallAreaLowGrayLevelEmphasis,glszm,0.016954319299619155,0.012219017959815406,0.5376375320023687,-0.3646581464567373
wavelet-HHH_glszm_LowGrayLevelZoneEmphasis,glszm,0.014496379508935453,0.012687462680038536,0.5301781677312973,-0.14872274727182658
wavelet-HHH_glcm_JointEnergy,glcm,0.014525529162588717,0.01644514667480023,0.5242243830048967,0.1686739161316548
square_firstorder_Skewness,firstorder,0.6056540045127992,0.8919573299447335,0.5154517994719113,0.25412278431427077
wavelet-LLL_glcm_ClusterShade,glcm,123116.84302347417,70733.2868556857,0.5079218736404529,-0.23011529274058617
wavelet-LLL_glcm_MaximumProbability,glcm,0.005384872700987557,0.011312882678813349,0.5009689842451573,1.2842753529590674
wavelet-LLL_glcm_ClusterProminence,glcm,63051229.40933721,80241223.10971898,0.49533810417201,0.14280885276665276
exponential_glcm_Imc1,glcm,-0.025451965826722517,-0.03380884075601065,0.49265616615826746,-0.1617582701374149
wavelet-LHH_glcm_ClusterProminence,glcm,626705.9736648983,1830788.6405337672,0.4925706978615248,1.1342701349730717
wavelet-LHL_glszm_LargeAreaEmphasis,glszm,3.106497686575776,2.439349294393836,0.4804273710650938,-0.27621435482495454
wavelet-HLH_glszm_LowGrayLevelZoneEmphasis,glszm,0.010164927318161375,0.012309576911781053,0.47674107478906086,0.28596693423645664
wavelet-HHH_glszm_LargeAreaEmphasis,glszm,58.11290824751514,31.477147361208704,0.4743450165724513,-0.24251879347446564
exponential_glcm_Idmn,glcm,0.9962015496818872,0.9962758083731575,0.4709896749411128,0.009207722606295337
wavelet-HLH_glcm_ClusterShade,glcm,62.85270822129011,-4.2319337223382,0.46923106245467194,-0.3202857290666119
exponential_glszm_SmallAreaEmphasis,glszm,0.0847105195104332,0.15871416494038365,0.4638800060772391,0.40528234732304685
log-sigma-3-0-mm-3D_glszm_LargeAreaEmphasis,glszm,70.43935045271812,11.02551735836957,0.45833436578641823,-0.41547761288770224
wavelet-HLL_glcm_JointEnergy,glcm,0.007215661456317771,0.011409221043895653,0.45539274270347263,0.74322789028373
square_firstorder_Variance,firstorder,178.00411049822898,682.7952215128156,0.45270021856607556,1.9495432736330631
original_firstorder_Kurtosis,firstorder,4.395468734743382,4.149680933502083,0.44080209579993535,-0.0647329713482187
log-sigma-3-0-mm-3D_gldm_LargeDependenceLowGrayLevelEmphasis,gldm,0.35861886194446535,0.09224983875289004,0.43036761617394065,-0.36688817493482084
squareroot_firstorder_Median,firstorder,-227.11411859822277,-172.85752210502437,0.4300189386740984,0.5366310136973885
square_glcm_DifferenceVariance,glcm,4.636236469052858,15.14728328744229,0.42960484372686575,1.5331749219980269
lbp-3D-m1_firstorder_Kurtosis,firstorder,2.3664003948408796,2.3389048100454617,0.42290771306237607,-0.06985717012736856
gradient_glrlm_LongRunLowGrayLevelEmphasis,glrlm,0.16819303617201956,0.2259073870134515,0.4215229068470462,0.36307573097221807
logarithm_gldm_LargeDependenceLowGrayLevelEmphasis,gldm,0.2991857275728215,0.27744551702126186,0.4114318479923132,-0.03758683176860377
exponential_glszm_ZonePercentage,glszm,0.004053165811951835,0.0157082708336203,0.40589540856245165,2.8683060869120642
wavelet-HLL_glszm_LargeAreaEmphasis,glszm,15.883533120103243,13.583272673987418,0.4044595720710586,-0.07751716998343193
wavelet-LHH_glszm_LargeAreaEmphasis,glszm,3.116035772228997,3.1493357320595514,0.3945040960621375,0.011138538014812377
wavelet-LHH_glszm_LowGrayLevelZoneEmphasis,glszm,0.005106245083962894,0.006111983579359109,0.39363300337403134,0.3102995783727901
exponential_firstorder_Maximum,firstorder,5.3434221859364435,14.251791803886322,0.38468074098657906,0.8922650341603069
logarithm_glcm_ClusterShade,glcm,652957.038471025,229404.58088390043,0.36862100575516177,-0.25882384533590175
lbp-3D-m2_firstorder_Minimum,firstorder,0.24438077870196315,0.32120955932903145,0.36839373704975903,0.11581615280266909
wavelet-HLL_glcm_ClusterShade,glcm,-233.7664444686993,3891.854104064143,0.3545883908567205,1.1497410142857667
gradient_glszm_LargeAreaEmphasis,glszm,123.099574156272,119.92452209447707,0.3510741531235894,-0.011279386890854566
wavelet-LLL_glcm_Imc2,glcm,0.9989460743712814,0.9981723502418858,0.3496968828606538,-0.29850591245819313
wavelet-HLH_glszm_LargeAreaEmphasis,glszm,22.89655793336444,16.49523408662973,0.3387220524554631,-0.1158983925071605
log-sigma-5-0-mm-3D_gldm_LargeDependenceLowGrayLevelEmphasis,gldm,0.45550600994745083,0.10984559512945034,0.3368789732032478,-0.29270777952207305
wavelet-LLH_glcm_ClusterShade,glcm,-9446.093502967067,-6505.873104066999,0.3066477613852804,0.07746704347693763
wavelet-LHH_gldm_LargeDependenceLowGrayLevelEmphasis,gldm,0.008129377595354786,0.009248518866198076,0.29541899788953957,0.09759584488829354
exponential_firstorder_Kurtosis,firstorder,25.75325549435819,24.905926957039803,0.292984218255452,-0.0141351470944688
log-sigma-4-0-mm-3D_gldm_LargeDependenceLowGrayLevelEmphasis,gldm,0.4420076805377659,0.1060498903828218,0.28138664963407184,-0.24268865196657743
wavelet-HLH_gldm_LargeDependenceLowGrayLevelEmphasis,gldm,0.036869392493787775,0.04310595790390595,0.2808503055878138,0.07131224892260077
exponential_firstorder_Variance,firstorder,1.4032893631002221,67.60431099742412,0.26780111576176985,13.016868442825015
exponential_glszm_GrayLevelNonUniformity,glszm,1.1208224360710357,1.3781095226579037,0.259421165745382,0.552428159074331
square_firstorder_Kurtosis,firstorder,4.701185097434257,6.192964849769332,0.18237825814885034,0.12620328131035283
square_firstorder_Minimum,firstorder,0.19196735577370386,0.5705275667971794,0.17748477899347403,0.350502995131488
wavelet-HHH_glszm_LargeAreaLowGrayLevelEmphasis,glszm,0.6871390324762008,0.3986971627164241,0.1773368246227987,-0.07656304072944209
square_glcm_ClusterProminence,glcm,6629.796945130415,319038.4185183748,0.17432752403303514,8.509839430896559
gradient_glszm_LargeAreaLowGrayLevelEmphasis,glszm,25.81287312144669,33.92147101737847,0.16140225179221884,0.056297377187702224
wavelet-LHH_glszm_LargeAreaLowGrayLevelEmphasis,glszm,0.009761318178206232,0.011570278584131403,0.14924688286400217,0.06282566965044806
exponential_glcm_ClusterProminence,glcm,16.303626663606817,11422.953011122243,0.048011739497436,33.59087460017076
