feature,feature_class,n,spearman_rho_vs_grade,spearman_p,abs_rho,bonferroni_alpha,significant_bonferroni,importance,importance_rank
exponential_firstorder_90Percentile,firstorder,630,-0.7994300590355264,4.2021851996450415e-141,0.7994300590355264,9.671179883945843e-05,True,0.14554222298734182,133
wavelet-LLL_glcm_Correlation,glcm,630,-0.7897920545852442,1.980134075697922e-135,0.7897920545852442,9.671179883945843e-05,True,2.2216053708356407,7
lbp-3D-k_glrlm_RunLengthNonUniformity,glrlm,630,0.7879046831642051,2.3592942885644098e-134,0.7879046831642051,9.671179883945843e-05,True,0.9629203688322844,33
logarithm_glcm_Correlation,glcm,630,-0.785637238279318,4.478249437538827e-133,0.785637238279318,9.671179883945843e-05,True,1.0931631575208316,26
logarithm_gldm_LargeDependenceHighGrayLevelEmphasis,gldm,630,-0.7794332428217446,1.1765114362118957e-129,0.7794332428217446,9.671179883945843e-05,True,1.428038927269071,16
squareroot_firstorder_Variance,firstorder,630,-0.7713970016776708,2.1775060346778962e-125,0.7713970016776708,9.671179883945843e-05,True,0.2773811689220627,97
log-sigma-3-0-mm-3D_glcm_ClusterProminence,glcm,630,-0.7700168222063715,1.1305323033474448e-124,0.7700168222063715,9.671179883945843e-05,True,0.33136141355634136,86
log-sigma-4-0-mm-3D_firstorder_Minimum,firstorder,630,0.7623784767540469,8.382963548584749e-121,0.7623784767540469,9.671179883945843e-05,True,3.3362923683811014,4
original_glcm_Imc2,glcm,630,-0.7617130968209741,1.7930830056839845e-120,0.7617130968209741,9.671179883945843e-05,True,0.6749384141915475,41
squareroot_firstorder_Kurtosis,firstorder,630,0.7569118539808998,4.02298629986307e-118,0.7569118539808998,9.671179883945843e-05,True,0.09627115845915239,161
logarithm_glcm_SumEntropy,glcm,630,-0.7567637459882415,4.7445776502089115e-118,0.7567637459882415,9.671179883945843e-05,True,0.0,284
logarithm_glcm_ClusterProminence,glcm,630,-0.7566229277644003,5.549735402075007e-118,0.7566229277644003,9.671179883945843e-05,True,1.469893403829523,14
logarithm_firstorder_Kurtosis,firstorder,630,0.7543342671385418,6.985195891125829e-117,0.7543342671385418,9.671179883945843e-05,True,0.0,399
log-sigma-3-0-mm-3D_glcm_Imc2,glcm,630,-0.7470513607588901,1.8409037342291347e-113,0.7470513607588901,9.671179883945843e-05,True,4.314790387825903,1
log-sigma-4-0-mm-3D_glcm_Imc1,glcm,630,0.7412348290825176,8.201671276648239e-111,0.7412348290825176,9.671179883945843e-05,True,1.2073115455437688,20
lbp-3D-k_gldm_LargeDependenceLowGrayLevelEmphasis,gldm,630,-0.7411756311322953,8.719551128769272e-111,0.7411756311322953,9.671179883945843e-05,True,1.0340115991567285,29
log-sigma-5-0-mm-3D_firstorder_Mean,firstorder,630,0.7372923712833764,4.667541549081859e-109,0.7372923712833764,9.671179883945843e-05,True,0.4484958815458865,61
lbp-3D-m2_firstorder_Skewness,firstorder,630,-0.7371402413493017,5.447301024185914e-109,0.7371402413493017,9.671179883945843e-05,True,0.3846168074774056,72
wavelet-LLH_firstorder_Skewness,firstorder,630,-0.7341401746982865,1.1215324816870682e-107,0.7341401746982865,9.671179883945843e-05,True,0.9798723664988728,32
original_glcm_DifferenceEntropy,glcm,630,-0.7282220890011504,3.8852532172403e-105,0.7282220890011504,9.671179883945843e-05,True,0.3399992685779147,82
lbp-3D-m1_firstorder_Kurtosis,firstorder,630,0.7257417074553996,4.304818031943954e-104,0.7257417074553996,9.671179883945843e-05,True,0.33710988508619544,84
lbp-3D-k_glcm_DifferenceEntropy,glcm,630,0.7191491421827362,2.2655329531352214e-101,0.7191491421827362,9.671179883945843e-05,True,0.18653949237241116,121
wavelet-LLL_firstorder_Mean,firstorder,630,-0.7185398934695558,4.0059293092015734e-101,0.7185398934695558,9.671179883945843e-05,True,0.38211372764178064,75
wavelet-LLH_firstorder_Median,firstorder,630,0.7176988301079886,8.776950602743623e-101,0.7176988301079886,9.671179883945843e-05,True,0.0,388
log-sigma-4-0-mm-3D_glcm_MCC,glcm,630,-0.7171024013330729,1.5280964745148874e-100,0.7171024013330729,9.671179883945843e-05,True,0.0,365
exponential_firstorder_Variance,firstorder,630,-0.7153580099293863,7.67155854522049e-100,0.7153580099293863,9.671179883945843e-05,True,0.0,320
lbp-3D-k_firstorder_90Percentile,firstorder,630,0.713044589226683,6.398756408509771e-99,0.713044589226683,9.671179883945843e-05,True,0.14274451495767596,135
log-sigma-3-0-mm-3D_firstorder_Median,firstorder,630,0.7125512981119638,1.0030968663028419e-98,0.7125512981119638,9.671179883945843e-05,True,0.5602723371712879,54
logarithm_glcm_Idn,glcm,630,0.7114692701852876,2.6802282669343776e-98,0.7114692701852876,9.671179883945843e-05,True,0.0,256
logarithm_firstorder_Mean,firstorder,630,-0.7108942833855479,4.510082782818169e-98,0.7108942833855479,9.671179883945843e-05,True,0.07069533465106269,176
original_glcm_Contrast,glcm,630,-0.709917479501178,1.0886073641413358e-97,0.709917479501178,9.671179883945843e-05,True,0.16274534563313198,127
log-sigma-5-0-mm-3D_glcm_Correlation,glcm,630,-0.7088329629982504,2.883333524329276e-97,0.7088329629982504,9.671179883945843e-05,True,1.968961971802148,8
lbp-3D-k_firstorder_Median,firstorder,630,0.7079737254889079,6.218197957801859e-97,0.7079737254889079,9.671179883945843e-05,True,0.6663332542057928,42
log-sigma-3-0-mm-3D_glszm_GrayLevelNonUniformityNormalized,glszm,630,0.7068652994839311,1.6689305589138748e-96,0.7068652994839311,9.671179883945843e-05,True,0.5497459391206164,56
squareroot_glszm_GrayLevelNonUniformity,glszm,630,0.7049622013626544,8.993828356109386e-96,0.7049622013626544,9.671179883945843e-05,True,0.8974641844762937,34
wavelet-LLL_glcm_ClusterProminence,glcm,630,-0.6923534853758984,4.531488236048669e-91,0.6923534853758984,9.671179883945843e-05,True,0.0,467
wavelet-LLL_glcm_SumEntropy,glcm,630,-0.6840070017258182,4.3416114322244983e-88,0.6840070017258182,9.671179883945843e-05,True,2.8056355956415238,5
log-sigma-3-0-mm-3D_glcm_JointEntropy,glcm,630,-0.6836722002400382,5.690580761881688e-88,0.6836722002400382,9.671179883945843e-05,True,0.342719159019719,80
original_firstorder_Kurtosis,firstorder,630,0.6758193847616852,2.9283005614123245e-85,0.6758193847616852,9.671179883945843e-05,True,1.1287397767637146,23
log-sigma-5-0-mm-3D_glcm_Imc2,glcm,630,-0.6740353018236455,1.1774091697453925e-84,0.6740353018236455,9.671179883945843e-05,True,0.0,431
log-sigma-3-0-mm-3D_glcm_MCC,glcm,630,-0.6735388434300609,1.7311485216178107e-84,0.6735388434300609,9.671179883945843e-05,True,1.0738408341861996,27
log-sigma-3-0-mm-3D_firstorder_InterquartileRange,firstorder,630,-0.6670917467510012,2.4151393872227264e-82,0.6670917467510012,9.671179883945843e-05,True,0.6247469186130915,47
logarithm_gldm_GrayLevelNonUniformity,gldm,630,0.6669838330353729,2.620484563937475e-82,0.6669838330353729,9.671179883945843e-05,True,0.0,310
log-sigma-3-0-mm-3D_glcm_Correlation,glcm,630,-0.658167284982253,1.8379396899386155e-79,0.658167284982253,9.671179883945843e-05,True,0.0,376
logarithm_firstorder_TotalEnergy,firstorder,630,-0.6538678296081399,4.1457915405523922e-78,0.6538678296081399,9.671179883945843e-05,True,1.408871396566541,18
wavelet-LLL_gldm_LargeDependenceHighGrayLevelEmphasis,gldm,630,-0.6537640383824636,4.466866065623376e-78,0.6537640383824636,9.671179883945843e-05,True,0.0,491
wavelet-LLL_glcm_Imc2,glcm,630,-0.649060051113264,1.2732518377275158e-76,0.649060051113264,9.671179883945843e-05,True,1.2589311934308223,19
log-sigma-3-0-mm-3D_glszm_ZoneEntropy,glszm,630,-0.6456072898187012,1.4338646778624963e-75,0.6456072898187012,9.671179883945843e-05,True,0.0989553815204323,160
log-sigma-5-0-mm-3D_glcm_MCC,glcm,630,-0.6421957282865225,1.521462271412225e-74,0.6421957282865225,9.671179883945843e-05,True,1.120710507801385,24
lbp-3D-m1_gldm_LargeDependenceLowGrayLevelEmphasis,gldm,630,-0.6417936095562857,2.0058884582649793e-74,0.6417936095562857,9.671179883945843e-05,True,0.41123879815583664,66
lbp-3D-m2_gldm_LargeDependenceLowGrayLevelEmphasis,gldm,630,-0.6403607175152979,5.35318397509353e-74,0.6403607175152979,9.671179883945843e-05,True,0.0,504
square_firstorder_10Percentile,firstorder,630,0.6379963689794097,2.6735672192263185e-73,0.6379963689794097,9.671179883945843e-05,True,0.1247714288623242,143
wavelet-LLH_glcm_ClusterShade,glcm,630,-0.6370842178033079,4.953662910242912e-73,0.6370842178033079,9.671179883945843e-05,True,0.0,492
original_glcm_MaximumProbability,glcm,630,0.6330879414005888,7.2072183688148e-72,0.6330879414005888,9.671179883945843e-05,True,0.0,472
lbp-3D-m2_firstorder_Kurtosis,firstorder,630,0.6330668764824204,7.308897769507621e-72,0.6330668764824204,9.671179883945843e-05,True,0.09550733349117162,164
wavelet-LLL_firstorder_InterquartileRange,firstorder,630,-0.6327971801733181,8.743935621049255e-72,0.6327971801733181,9.671179883945843e-05,True,0.0,382
exponential_firstorder_Median,firstorder,630,-0.6326485945751167,9.650885718922638e-72,0.6326485945751167,9.671179883945843e-05,True,0.0,339
log-sigma-4-0-mm-3D_glszm_SmallAreaLowGrayLevelEmphasis,glszm,630,0.6317961943661821,1.6982206529679027e-71,0.6317961943661821,9.671179883945843e-05,True,0.8025052381115328,38
squareroot_firstorder_Median,firstorder,630,-0.6268231140790927,4.432776049390132e-70,0.6268231140790927,9.671179883945843e-05,True,0.0,448
wavelet-LLL_firstorder_Uniformity,firstorder,630,0.6227047466172525,6.317856379523659e-69,0.6227047466172525,9.671179883945843e-05,True,0.0,476
logarithm_glcm_MCC,glcm,630,-0.6208925100892981,2.008561465542803e-68,0.6208925100892981,9.671179883945843e-05,True,0.05571398065809693,188
original_glcm_MCC,glcm,630,-0.6203349433233183,2.8626587701444692e-68,0.6203349433233183,9.671179883945843e-05,True,0.6206974129702413,48
square_firstorder_Skewness,firstorder,630,-0.6192654839635683,5.637235374930491e-68,0.6192654839635683,9.671179883945843e-05,True,0.09169275388049593,166
log-sigma-3-0-mm-3D_glcm_MaximumProbability,glcm,630,0.6191742361676841,5.9720491663423326e-68,0.6191742361676841,9.671179883945843e-05,True,0.10079733912318128,158
lbp-3D-k_glcm_ClusterProminence,glcm,630,0.6188681412887636,7.246339125975951e-68,0.6188681412887636,9.671179883945843e-05,True,0.0,414
gradient_gldm_LargeDependenceHighGrayLevelEmphasis,gldm,630,-0.6178964402425655,1.3370532274314062e-67,0.6178964402425655,9.671179883945843e-05,True,0.0,263
original_firstorder_Maximum,firstorder,630,-0.6146918075962596,9.929742639894927e-67,0.6146918075962596,9.671179883945843e-05,True,0.34147830830279147,81
logarithm_glszm_SizeZoneNonUniformityNormalized,glszm,630,-0.6141746613415144,1.3693799152195938e-66,0.6141746613415144,9.671179883945843e-05,True,0.149781277922447,130
log-sigma-3-0-mm-3D_gldm_GrayLevelNonUniformity,gldm,630,0.6139968663937765,1.529163186560212e-66,0.6139968663937765,9.671179883945843e-05,True,0.0,360
lbp-3D-k_gldm_LargeDependenceHighGrayLevelEmphasis,gldm,630,-0.6092708841324561,2.801331478877073e-65,0.6092708841324561,9.671179883945843e-05,True,1.1842071297691596,21
lbp-3D-m2_firstorder_Median,firstorder,630,0.6088521181745692,3.616141236433568e-65,0.6088521181745692,9.671179883945843e-05,True,0.30818305343417607,88
log-sigma-3-0-mm-3D_glrlm_LongRunHighGrayLevelEmphasis,glrlm,630,-0.6081513516020722,5.538915331818103e-65,0.6081513516020722,9.671179883945843e-05,True,0.0,262
wavelet-LLH_gldm_LargeDependenceHighGrayLevelEmphasis,gldm,630,0.60776785948802,6.991462319162543e-65,0.60776785948802,9.671179883945843e-05,True,1.1190988210038428,25
original_shape_Sphericity,shape,630,-0.6071427492433789,1.0212704781456474e-64,0.6071427492433789,9.671179883945843e-05,True,1.0301130219656107,30
original_glszm_LargeAreaEmphasis,glszm,630,0.6056203477959974,2.5610421405107554e-64,0.6056203477959974,9.671179883945843e-05,True,0.09999134922422129,159
lbp-3D-k_glrlm_HighGrayLevelRunEmphasis,glrlm,630,0.6051742100171303,3.3497747511025314e-64,0.6051742100171303,9.671179883945843e-05,True,0.11176781003370914,152
lbp-3D-m1_firstorder_Skewness,firstorder,630,-0.6046045271526337,4.71666640350317e-64,0.6046045271526337,9.671179883945843e-05,True,0.0,332
wavelet-LLL_firstorder_10Percentile,firstorder,630,-0.6026469728538788,1.5206997062522193e-63,0.6026469728538788,9.671179883945843e-05,True,0.26962951634429694,99
log-sigma-3-0-mm-3D_gldm_DependenceEntropy,gldm,630,-0.6021914125770719,1.9945977260937333e-63,0.6021914125770719,9.671179883945843e-05,True,0.0,334
logarithm_glcm_MaximumProbability,glcm,630,0.5997986088056628,8.232864474268263e-63,0.5997986088056628,9.671179883945843e-05,True,0.2261228084898319,108
log-sigma-5-0-mm-3D_firstorder_InterquartileRange,firstorder,630,-0.5970374454747808,4.164895021369747e-62,0.5970374454747808,9.671179883945843e-05,True,0.0,384
gradient_glszm_SizeZoneNonUniformity,glszm,630,0.5965128586284152,5.657101114347732e-62,0.5965128586284152,9.671179883945843e-05,True,0.6655601442746106,43
original_gldm_LargeDependenceEmphasis,gldm,630,0.592916063215659,4.548466537143875e-61,0.592916063215659,9.671179883945843e-05,True,0.0,503
log-sigma-4-0-mm-3D_glszm_GrayLevelNonUniformity,glszm,630,0.5922411896427359,6.705871659796908e-61,0.5922411896427359,9.671179883945843e-05,True,0.0,511
lbp-3D-m2_glcm_ClusterShade,glcm,630,-0.5904378669417725,1.883634321643626e-60,0.5904378669417725,9.671179883945843e-05,True,1.4375075534782698,15
square_gldm_LowGrayLevelEmphasis,gldm,630,-0.5897440317731788,2.797843199940811e-60,0.5897440317731788,9.671179883945843e-05,True,1.475625210905969,13
lbp-3D-m1_glrlm_RunEntropy,glrlm,630,-0.5885923991228653,5.384015480137277e-60,0.5885923991228653,9.671179883945843e-05,True,1.9588436960673874,9
log-sigma-3-0-mm-3D_glszm_SmallAreaLowGrayLevelEmphasis,glszm,630,0.5862171410708852,2.0599385924233575e-59,0.5862171410708852,9.671179883945843e-05,True,0.0,479
wavelet-LLL_glcm_Imc1,glcm,630,0.5838186563072256,7.896558843108372e-59,0.5838186563072256,9.671179883945843e-05,True,0.0,366
log-sigma-5-0-mm-3D_glszm_SmallAreaLowGrayLevelEmphasis,glszm,630,0.5833840855371853,1.006134231066327e-58,0.5833840855371853,9.671179883945843e-05,True,0.11795835878166462,148
exponential_firstorder_Maximum,firstorder,630,-0.5766273999175996,4.153265856941639e-57,0.5766273999175996,9.671179883945843e-05,True,0.1200856720890553,146
wavelet-LLL_glcm_ClusterShade,glcm,630,-0.5740342029151192,1.692663830584011e-56,0.5740342029151192,9.671179883945843e-05,True,1.0545823109380181,28
log-sigma-4-0-mm-3D_glszm_ZoneEntropy,glszm,630,-0.5731462839360513,2.7305553148698535e-56,0.5731462839360513,9.671179883945843e-05,True,0.0,342
square_gldm_LargeDependenceLowGrayLevelEmphasis,gldm,630,-0.5724307051466753,4.010155988211778e-56,0.5724307051466753,9.671179883945843e-05,True,0.1737408821326366,124
logarithm_gldm_LargeDependenceEmphasis,gldm,630,0.5714394988280467,6.818455170150948e-56,0.5714394988280467,9.671179883945843e-05,True,0.0,315
lbp-3D-k_glrlm_LongRunHighGrayLevelEmphasis,glrlm,630,-0.5673117540718405,6.099556228629943e-55,0.5673117540718405,9.671179883945843e-05,True,0.0,515
log-sigma-3-0-mm-3D_glcm_InverseVariance,glcm,630,0.5667099459502805,8.373751494728719e-55,0.5667099459502805,9.671179883945843e-05,True,0.8023824415285749,39
gradient_glszm_GrayLevelNonUniformity,glszm,630,0.566543573136451,9.139372662796611e-55,0.566543573136451,9.671179883945843e-05,True,0.6259279315657811,46
lbp-3D-m1_glrlm_LongRunLowGrayLevelEmphasis,glrlm,630,-0.5638392349900697,3.7628545692158127e-54,0.5638392349900697,9.671179883945843e-05,True,0.0,402
wavelet-LLL_firstorder_Range,firstorder,630,-0.5630790880623735,5.587966342438397e-54,0.5630790880623735,9.671179883945843e-05,True,0.2919041015430595,92
logarithm_firstorder_Range,firstorder,630,-0.5605416452227777,2.0764304643570616e-53,0.5605416452227777,9.671179883945843e-05,True,0.0,455
original_glszm_SizeZoneNonUniformityNormalized,glszm,630,-0.5604259138585213,2.2039436489091172e-53,0.5604259138585213,9.671179883945843e-05,True,0.0,407
exponential_glcm_Idmn,glcm,630,0.5598381772624919,2.981875697494939e-53,0.5598381772624919,9.671179883945843e-05,True,0.0,480
log-sigma-4-0-mm-3D_gldm_DependenceEntropy,gldm,630,-0.5578886972531301,8.092698049649229e-53,0.5578886972531301,9.671179883945843e-05,True,0.0,340
wavelet-LLH_firstorder_RootMeanSquared,firstorder,630,0.5576438112951402,9.16976633548598e-53,0.5576438112951402,9.671179883945843e-05,True,0.24645721864173187,103
log-sigma-4-0-mm-3D_gldm_SmallDependenceLowGrayLevelEmphasis,gldm,630,0.5572754517356673,1.1063668448149194e-52,0.5572754517356673,9.671179883945843e-05,True,0.4712728504293445,60
squareroot_glcm_JointEntropy,glcm,630,-0.5546354996642214,4.220008704974682e-52,0.5546354996642214,9.671179883945843e-05,True,0.0,306
gradient_firstorder_10Percentile,firstorder,630,-0.5537763375662806,6.507488702992358e-52,0.5537763375662806,9.671179883945843e-05,True,0.5360076796489468,57
exponential_glcm_Imc1,glcm,630,0.547495026638659,1.4863930176165241e-50,0.547495026638659,9.671179883945843e-05,True,0.0,423
lbp-3D-k_glszm_GrayLevelVariance,glszm,630,0.545629089692149,3.717409585502341e-50,0.545629089692149,9.671179883945843e-05,True,0.6175344322349526,49
lbp-3D-m2_glcm_Autocorrelation,glcm,630,0.5389042539681198,9.6485071234469e-49,0.5389042539681198,9.671179883945843e-05,True,0.0,288
wavelet-LHL_glcm_Correlation,glcm,630,-0.5389034495798365,9.652223723171875e-49,0.5389034495798365,9.671179883945843e-05,True,0.00339939414341928,220
gradient_glszm_SizeZoneNonUniformityNormalized,glszm,630,0.5388196675127065,1.0047218617309546e-48,0.5388196675127065,9.671179883945843e-05,True,0.2377150621153913,104
log-sigma-5-0-mm-3D_glcm_JointEntropy,glcm,630,-0.5383653138183245,1.248595482337709e-48,0.5383653138183245,9.671179883945843e-05,True,0.0,277
original_shape_SurfaceArea,shape,630,0.5346227967818451,7.385055899110755e-48,0.5346227967818451,9.671179883945843e-05,True,0.6603189621583317,44
logarithm_glszm_SizeZoneNonUniformity,glszm,630,-0.5322177512262499,2.2873783038071236e-47,0.5322177512262499,9.671179883945843e-05,True,0.0,451
gradient_glszm_LargeAreaHighGrayLevelEmphasis,glszm,630,-0.5321196661299579,2.394848988958505e-47,0.5321196661299579,9.671179883945843e-05,True,0.0,458
log-sigma-4-0-mm-3D_glszm_LowGrayLevelZoneEmphasis,glszm,630,0.5300914513479439,6.167949587664844e-47,0.5300914513479439,9.671179883945843e-05,True,0.2259805721066882,109
logarithm_glszm_SmallAreaLowGrayLevelEmphasis,glszm,630,0.5296881260352823,7.438965102724036e-47,0.5296881260352823,9.671179883945843e-05,True,0.011031824244570552,212
log-sigma-5-0-mm-3D_glszm_GrayLevelNonUniformityNormalized,glszm,630,0.5292786177782894,8.995381624347263e-47,0.5292786177782894,9.671179883945843e-05,True,0.0,268
lbp-3D-k_glszm_GrayLevelNonUniformity,glszm,630,-0.5275302087237562,2.0184603612903734e-46,0.5275302087237562,9.671179883945843e-05,True,0.4051914277777492,68
log-sigma-5-0-mm-3D_gldm_SmallDependenceLowGrayLevelEmphasis,gldm,630,0.5246742984542182,7.481207909786905e-46,0.5246742984542182,9.671179883945843e-05,True,0.214826306152687,111
exponential_glcm_ClusterProminence,glcm,630,-0.5239092458520772,1.0603937471069929e-45,0.5239092458520772,9.671179883945843e-05,True,0.2769646116336169,98
lbp-3D-k_glszm_HighGrayLevelZoneEmphasis,glszm,630,-0.5227989314486506,1.7564895773797865e-45,0.5227989314486506,9.671179883945843e-05,True,0.12546155739622125,142
log-sigma-3-0-mm-3D_gldm_LargeDependenceHighGrayLevelEmphasis,gldm,630,-0.5187837881929181,1.0727938743510074e-44,0.5187837881929181,9.671179883945843e-05,True,0.12684397069109596,140
lbp-3D-k_glszm_ZonePercentage,glszm,630,-0.5177646347370298,1.6917154561154198e-44,0.5177646347370298,9.671179883945843e-05,True,0.0,478
gradient_firstorder_Kurtosis,firstorder,630,-0.5169351782322795,2.4480795785128353e-44,0.5169351782322795,9.671179883945843e-05,True,0.19273819800286884,119
log-sigma-3-0-mm-3D_glszm_LargeAreaEmphasis,glszm,630,0.5159634079650931,3.7696352695267897e-44,0.5159634079650931,9.671179883945843e-05,True,0.11207449148311728,150
lbp-3D-k_glszm_ZoneEntropy,glszm,630,-0.5109713143236825,3.3876248685748624e-43,0.5109713143236825,9.671179883945843e-05,True,0.1962716158914021,116
log-sigma-5-0-mm-3D_glszm_GrayLevelNonUniformity,glszm,630,0.5103246930755095,4.490163772892046e-43,0.5103246930755095,9.671179883945843e-05,True,0.0,510
wavelet-HLL_glcm_Correlation,glcm,630,-0.5099828251627868,5.2101645879410005e-43,0.5099828251627868,9.671179883945843e-05,True,0.0,370
square_firstorder_Median,firstorder,630,0.508231294813086,1.113327438966323e-42,0.508231294813086,9.671179883945843e-05,True,0.0,352
lbp-3D-k_firstorder_Range,firstorder,630,0.5056902322262156,3.323947743383632e-42,0.5056902322262156,9.671179883945843e-05,True,0.42541064726272393,64
original_shape_MajorAxisLength,shape,630,0.505017663072861,4.433204292597309e-42,0.505017663072861,9.671179883945843e-05,True,0.8312871808392327,36
log-sigma-5-0-mm-3D_glcm_MaximumProbability,glcm,630,0.5039609985142419,6.960520255876282e-42,0.5039609985142419,9.671179883945843e-05,True,0.0,369
gradient_glcm_Idn,glcm,630,-0.501267252976352,2.1828257152933813e-41,0.501267252976352,9.671179883945843e-05,True,0.38332354960434906,74
logarithm_gldm_LargeDependenceLowGrayLevelEmphasis,gldm,630,0.49973486815957646,4.1631652474090555e-41,0.49973486815957646,9.671179883945843e-05,True,0.0,309
lbp-3D-m1_glcm_ClusterShade,glcm,630,-0.499200201322536,5.211059025246424e-41,0.499200201322536,9.671179883945843e-05,True,0.29735037007380455,91
square_glcm_Imc1,glcm,630,0.49606489689139505,1.9285273642796403e-40,0.49606489689139505,9.671179883945843e-05,True,0.0,419
exponential_glszm_ZoneEntropy,glszm,630,-0.49552422100440885,2.413423312890059e-40,0.49552422100440885,9.671179883945843e-05,True,0.0,282
log-sigma-3-0-mm-3D_glszm_LowGrayLevelZoneEmphasis,glszm,630,0.4948935818652752,3.1334958930210628e-40,0.4948935818652752,9.671179883945843e-05,True,0.0,234
wavelet-HLL_firstorder_10Percentile,firstorder,630,0.4929121221522266,7.092221788158774e-40,0.4929121221522266,9.671179883945843e-05,True,0.0,347
log-sigma-5-0-mm-3D_glcm_Idn,glcm,630,-0.49093483520339753,1.5939696433139208e-39,0.49093483520339753,9.671179883945843e-05,True,0.0,387
exponential_firstorder_10Percentile,firstorder,630,-0.4900649898235694,2.272333620219533e-39,0.4900649898235694,9.671179883945843e-05,True,0.0,371
gradient_firstorder_InterquartileRange,firstorder,630,0.4881819671266868,4.878862738416271e-39,0.4881819671266868,9.671179883945843e-05,True,0.0,353
log-sigma-3-0-mm-3D_gldm_LargeDependenceEmphasis,gldm,630,0.4873485001522701,6.831928206961997e-39,0.4873485001522701,9.671179883945843e-05,True,0.0,349
log-sigma-5-0-mm-3D_firstorder_90Percentile,firstorder,630,0.48603829748888877,1.1576968933510663e-38,0.48603829748888877,9.671179883945843e-05,True,0.0,390
wavelet-LLL_glcm_MCC,glcm,630,-0.4850300219129355,1.7345601316094133e-38,0.4850300219129355,9.671179883945843e-05,True,0.39766587969349954,69
lbp-3D-k_glszm_LargeAreaHighGrayLevelEmphasis,glszm,630,0.48279553181052876,4.2291720248924746e-38,0.48279553181052876,9.671179883945843e-05,True,1.1744616969252788,22
exponential_glszm_ZonePercentage,glszm,630,-0.4814591339224065,7.184379768972007e-38,0.4814591339224065,9.671179883945843e-05,True,0.0,477
lbp-3D-m2_glrlm_LongRunLowGrayLevelEmphasis,glrlm,630,-0.479509982730352,1.549623743145878e-37,0.479509982730352,9.671179883945843e-05,True,0.5571471373625297,55
exponential_firstorder_Kurtosis,firstorder,630,0.47763138416902734,3.2355790985799956e-37,0.47763138416902734,9.671179883945843e-05,True,0.0,436
wavelet-HLL_firstorder_InterquartileRange,firstorder,630,-0.47654236811914036,4.94754157532476e-37,0.47654236811914036,9.671179883945843e-05,True,0.0,346
exponential_glszm_ZoneVariance,glszm,630,-0.475289544591541,8.049160260172236e-37,0.475289544591541,9.671179883945843e-05,True,0.0,496
lbp-3D-m1_glcm_InverseVariance,glcm,630,0.4747617289684385,9.87496707832705e-37,0.4747617289684385,9.671179883945843e-05,True,0.0,242
wavelet-HLL_glcm_JointEnergy,glcm,630,0.4743959585337523,1.137553945834141e-36,0.4743959585337523,9.671179883945843e-05,True,0.0,474
square_gldm_LargeDependenceHighGrayLevelEmphasis,gldm,630,0.472813123489335,2.0940046436209807e-36,0.472813123489335,9.671179883945843e-05,True,0.0,267
wavelet-HHH_glszm_SizeZoneNonUniformity,glszm,630,0.4711850667411172,3.9094228675176085e-36,0.4711850667411172,9.671179883945843e-05,True,0.0,394
logarithm_gldm_LowGrayLevelEmphasis,gldm,630,0.4708711290764347,4.4078621561759615e-36,0.4708711290764347,9.671179883945843e-05,True,0.030316307404018392,201
gradient_glrlm_LongRunLowGrayLevelEmphasis,glrlm,630,0.4698138109523354,6.597075348457629e-36,0.4698138109523354,9.671179883945843e-05,True,0.0,372
lbp-3D-m1_firstorder_Variance,firstorder,630,-0.4697214319854278,6.833183987275497e-36,0.4697214319854278,9.671179883945843e-05,True,0.0,319
squareroot_glszm_SmallAreaLowGrayLevelEmphasis,glszm,630,0.46580149705821833,3.00864552208001e-35,0.46580149705821833,9.671179883945843e-05,True,0.0,481
lbp-3D-m1_gldm_DependenceEntropy,gldm,630,-0.4648395492199551,4.315940968475014e-35,0.4648395492199551,9.671179883945843e-05,True,0.0,374
original_shape_Maximum2DDiameterColumn,shape,630,0.4647313744645581,4.4943445678192685e-35,0.4647313744645581,9.671179883945843e-05,True,0.0,318
exponential_glcm_Correlation,glcm,630,0.4641728493595234,5.538485768699485e-35,0.4641728493595234,9.671179883945843e-05,True,0.0,293
exponential_glszm_LargeAreaLowGrayLevelEmphasis,glszm,630,0.4640853523844621,5.722536126665153e-35,0.4640853523844621,9.671179883945843e-05,True,0.0,499
gradient_glrlm_ShortRunLowGrayLevelEmphasis,glrlm,630,0.46216048376823493,1.1718875123916312e-34,0.46216048376823493,9.671179883945843e-05,True,0.35476491257269804,77
square_firstorder_Minimum,firstorder,630,0.45841384424180376,4.668231590954712e-34,0.45841384424180376,9.671179883945843e-05,True,0.059807123208982946,184
lbp-3D-m2_glszm_GrayLevelVariance,glszm,630,-0.4557120160677846,1.2514928889558877e-33,0.4557120160677846,9.671179883945843e-05,True,0.0,294
wavelet-LHL_firstorder_Median,firstorder,630,0.4521986376225324,4.452911483279521e-33,0.4521986376225324,9.671179883945843e-05,True,0.569562513389544,51
wavelet-LLL_firstorder_Minimum,firstorder,630,-0.4507682592949298,7.434037130729963e-33,0.4507682592949298,9.671179883945843e-05,True,0.0,441
log-sigma-4-0-mm-3D_gldm_LargeDependenceHighGrayLevelEmphasis,gldm,630,-0.4500653998952831,9.554549029825537e-33,0.4500653998952831,9.671179883945843e-05,True,0.0,459
lbp-3D-k_gldm_DependenceNonUniformity,gldm,630,0.4458808212228756,4.20568397510806e-32,0.4458808212228756,9.671179883945843e-05,True,0.13720528259724823,138
wavelet-HLL_glcm_JointEntropy,glcm,630,-0.444886396207675,5.963178889431305e-32,0.444886396207675,9.671179883945843e-05,True,0.0,303
original_firstorder_Minimum,firstorder,630,-0.44462695584918444,6.530672751415525e-32,0.44462695584918444,9.671179883945843e-05,True,0.0,362
square_glcm_Correlation,glcm,630,-0.4376397878493062,7.336924188374112e-31,0.4376397878493062,9.671179883945843e-05,True,1.5102533617338438,12
log-sigma-3-0-mm-3D_glszm_ZonePercentage,glszm,630,-0.435816174463509,1.3668043696140061e-30,0.435816174463509,9.671179883945843e-05,True,0.0,412
square_glszm_GrayLevelNonUniformity,glszm,630,0.43571252246051556,1.4158410613808598e-30,0.43571252246051556,9.671179883945843e-05,True,0.0,314
wavelet-HLL_glcm_MaximumProbability,glcm,630,0.4350803248804558,1.7549630911622514e-30,0.4350803248804558,9.671179883945843e-05,True,0.0,233
log-sigma-4-0-mm-3D_glcm_Idn,glcm,630,-0.4346755667511646,2.013119039976824e-30,0.4346755667511646,9.671179883945843e-05,True,0.0,246
wavelet-LHH_firstorder_Maximum,firstorder,630,0.43087241894783324,7.243972468688954e-30,0.43087241894783324,9.671179883945843e-05,True,0.1098402124445839,153
wavelet-LLL_gldm_LargeDependenceEmphasis,gldm,630,0.4297348940276549,1.0591110570537118e-29,0.4297348940276549,9.671179883945843e-05,True,0.12233776293176533,144
lbp-3D-m2_glrlm_ShortRunHighGrayLevelEmphasis,glrlm,630,0.429439929100987,1.1684637407021115e-29,0.429439929100987,9.671179883945843e-05,True,0.0,307
log-sigma-5-0-mm-3D_glszm_LowGrayLevelZoneEmphasis,glszm,630,0.4284041786377331,1.6486499099531574e-29,0.4284041786377331,9.671179883945843e-05,True,0.012933765119414232,211
exponential_glszm_SmallAreaEmphasis,glszm,630,-0.42824936723957785,1.7355271294359695e-29,0.42824936723957785,9.671179883945843e-05,True,0.0,379
square_glcm_Idn,glcm,630,-0.42767228584848693,2.1011988902320716e-29,0.42767228584848693,9.671179883945843e-05,True,0.021207512380363353,206
log-sigma-3-0-mm-3D_glszm_GrayLevelNonUniformity,glszm,630,0.42718150942516675,2.4714881211308495e-29,0.42718150942516675,9.671179883945843e-05,True,0.0,506
squareroot_glrlm_LongRunLowGrayLevelEmphasis,glrlm,630,0.4256098091530321,4.1488511275068535e-29,0.4256098091530321,9.671179883945843e-05,True,0.021013038119718726,207
original_shape_Flatness,shape,630,-0.4243688894032749,6.233261790130334e-29,0.4243688894032749,9.671179883945843e-05,True,3.555861898259201,2
log-sigma-5-0-mm-3D_glrlm_LongRunHighGrayLevelEmphasis,glrlm,630,-0.42362324660181144,7.954085220056272e-29,0.42362324660181144,9.671179883945843e-05,True,0.10219869471465719,157
wavelet-HLH_firstorder_Range,firstorder,630,0.42342207411959076,8.4939499624641e-29,0.42342207411959076,9.671179883945843e-05,True,0.0,444
log-sigma-5-0-mm-3D_glszm_ZoneEntropy,glszm,630,-0.42325332854003966,8.974645148876422e-29,0.42325332854003966,9.671179883945843e-05,True,0.0,343
lbp-3D-m1_glcm_Imc2,glcm,630,-0.4217821777813285,1.4483555162679526e-28,0.4217821777813285,9.671179883945843e-05,True,0.03659179171125427,196
original_glcm_Idn,glcm,630,0.41917719146307136,3.3606496474699075e-28,0.41917719146307136,9.671179883945843e-05,True,0.14889105185601384,131
square_gldm_DependenceNonUniformityNormalized,gldm,630,0.4179408969459431,4.997944221795338e-28,0.4179408969459431,9.671179883945843e-05,True,0.11443785164878613,149
wavelet-LLL_glcm_DifferenceEntropy,glcm,630,-0.41721372993786116,6.307265787804046e-28,0.41721372993786116,9.671179883945843e-05,True,0.35468069042493783,78
wavelet-HHH_firstorder_Range,firstorder,630,0.4157711098260724,9.990386879983521e-28,0.4157711098260724,9.671179883945843e-05,True,0.0,438
wavelet-HLL_firstorder_Entropy,firstorder,630,-0.41550953281120445,1.0856647501891064e-27,0.41550953281120445,9.671179883945843e-05,True,0.0,363
wavelet-HLH_glcm_MCC,glcm,630,0.41531743483430444,1.1539755470950994e-27,0.41531743483430444,9.671179883945843e-05,True,0.07504755509776916,175
lbp-3D-k_glrlm_RunEntropy,glrlm,630,-0.41439477633625244,1.546119843670921e-27,0.41439477633625244,9.671179883945843e-05,True,0.765883748319911,40
wavelet-LHH_firstorder_Range,firstorder,630,0.4120294977264117,3.259367694888086e-27,0.4120294977264117,9.671179883945843e-05,True,0.0,238
original_gldm_LargeDependenceLowGrayLevelEmphasis,gldm,630,0.41101591821521566,4.478564128566405e-27,0.41101591821521566,9.671179883945843e-05,True,0.06477439931053404,180
log-sigma-4-0-mm-3D_gldm_DependenceNonUniformityNormalized,gldm,630,-0.4110156165696094,4.4789869593545755e-27,0.4110156165696094,9.671179883945843e-05,True,0.0,226
square_glszm_SmallAreaLowGrayLevelEmphasis,glszm,630,0.4109125543208146,4.625790247146275e-27,0.4109125543208146,9.671179883945843e-05,True,0.4311787769662799,63
exponential_gldm_DependenceVariance,gldm,630,-0.4082171497320904,1.0709363734729146e-26,0.4082171497320904,9.671179883945843e-05,True,0.8607550094853983,35
square_glszm_LargeAreaHighGrayLevelEmphasis,glszm,630,0.40807261121243915,1.1200052617286474e-26,0.40807261121243915,9.671179883945843e-05,True,0.0,456
exponential_glrlm_RunVariance,glrlm,630,0.4075008168286989,1.336891936362822e-26,0.4075008168286989,9.671179883945843e-05,True,0.03500382695718076,198
wavelet-HLH_glszm_SizeZoneNonUniformity,glszm,630,0.40608350211423133,2.0701885175822395e-26,0.40608350211423133,9.671179883945843e-05,True,0.0,345
logarithm_glcm_ClusterShade,glcm,630,-0.4052765324026362,2.652975504283546e-26,0.4052765324026362,9.671179883945843e-05,True,0.5677724250853378,52
original_glszm_SmallAreaLowGrayLevelEmphasis,glszm,630,0.40370040897295745,4.2981675594586187e-26,0.40370040897295745,9.671179883945843e-05,True,0.0,483
wavelet-LLL_glcm_Idn,glcm,630,-0.39849903323622066,2.0744883080461217e-25,0.39849903323622066,9.671179883945843e-05,True,0.0,517
wavelet-HHH_glszm_LowGrayLevelZoneEmphasis,glszm,630,-0.39726444804419436,3.0019589287386183e-25,0.39726444804419436,9.671179883945843e-05,True,0.18356233988507503,123
exponential_gldm_DependenceEntropy,gldm,630,-0.3967106267111584,3.541450281375747e-25,0.3967106267111584,9.671179883945843e-05,True,0.0,296
exponential_glrlm_RunEntropy,glrlm,630,-0.39317342978398545,1.0102285419507251e-24,0.39317342978398545,9.671179883945843e-05,True,0.0,341
square_glcm_InverseVariance,glcm,630,0.39267988729792763,1.1681590393538602e-24,0.39267988729792763,9.671179883945843e-05,True,0.0,420
original_glszm_SizeZoneNonUniformity,glszm,630,-0.39228174023483964,1.3131479535512387e-24,0.39228174023483964,9.671179883945843e-05,True,0.0,440
wavelet-HLL_gldm_GrayLevelNonUniformity,gldm,630,0.3922799806354699,1.3138266537022677e-24,0.3922799806354699,9.671179883945843e-05,True,0.0,358
logarithm_gldm_SmallDependenceLowGrayLevelEmphasis,gldm,630,0.390758052866377,2.051767489623487e-24,0.390758052866377,9.671179883945843e-05,True,0.09155361710966266,167
wavelet-LLL_glcm_MaximumProbability,glcm,630,0.3907085578498216,2.081646553295288e-24,0.3907085578498216,9.671179883945843e-05,True,0.28935421232872066,94
wavelet-LLH_glcm_Correlation,glcm,630,-0.38940871665831434,3.0403337648250316e-24,0.38940871665831434,9.671179883945843e-05,True,0.0,406
wavelet-LLL_gldm_DependenceNonUniformityNormalized,gldm,630,-0.3890879416932241,3.337392496614175e-24,0.3890879416932241,9.671179883945843e-05,True,0.08793717000819784,169
gradient_firstorder_Minimum,firstorder,630,-0.38599650156065546,8.152811445910369e-24,0.38599650156065546,9.671179883945843e-05,True,0.0021430030869406718,221
log-sigma-4-0-mm-3D_gldm_LargeDependenceEmphasis,gldm,630,0.38535741506959226,9.794527857206888e-24,0.38535741506959226,9.671179883945843e-05,True,0.04094558922761269,195
square_glcm_Imc2,glcm,630,-0.38326796622951387,1.7793313159635597e-23,0.38326796622951387,9.671179883945843e-05,True,0.0,375
gradient_glcm_DifferenceEntropy,glcm,630,0.3822709520895265,2.362194406904856e-23,0.3822709520895265,9.671179883945843e-05,True,0.1968118436316802,115
log-sigma-4-0-mm-3D_glcm_Idm,glcm,630,0.3808086747390652,3.573016828310284e-23,0.3808086747390652,9.671179883945843e-05,True,0.0,404
wavelet-HHH_glcm_ClusterProminence,glcm,630,0.380175721708662,4.271159401219898e-23,0.380175721708662,9.671179883945843e-05,True,0.3332376251353098,85
wavelet-LHL_firstorder_Kurtosis,firstorder,630,0.378562169086677,6.720046480040947e-23,0.378562169086677,9.671179883945843e-05,True,0.0,317
wavelet-HLH_glcm_ClusterProminence,glcm,630,0.3761473954602809,1.3179018704516819e-22,0.3761473954602809,9.671179883945843e-05,True,0.03297093184744949,199
log-sigma-3-0-mm-3D_gldm_SmallDependenceLowGrayLevelEmphasis,gldm,630,0.37587955929908373,1.4196331046325577e-22,0.37587955929908373,9.671179883945843e-05,True,0.0,470
wavelet-HHH_firstorder_Variance,firstorder,630,0.37542774445522087,1.6091011676868873e-22,0.37542774445522087,9.671179883945843e-05,True,0.12048366916605105,145
wavelet-HHH_firstorder_Maximum,firstorder,630,0.3738184651459908,2.5100235526432686e-22,0.3738184651459908,9.671179883945843e-05,True,0.0,393
wavelet-HLH_glszm_LowGrayLevelZoneEmphasis,glszm,630,-0.37336840990149756,2.84109404486388e-22,0.37336840990149756,9.671179883945843e-05,True,0.08454514555703649,171
lbp-3D-m1_glszm_LargeAreaHighGrayLevelEmphasis,glszm,630,0.3717458833227273,4.433759267251509e-22,0.3717458833227273,9.671179883945843e-05,True,0.0,488
lbp-3D-m1_firstorder_90Percentile,firstorder,630,-0.37101492595525637,5.413666836881316e-22,0.37101492595525637,9.671179883945843e-05,True,0.0,287
wavelet-HHH_glrlm_LongRunHighGrayLevelEmphasis,glrlm,630,0.3709638419514455,5.48963862123162e-22,0.3709638419514455,9.671179883945843e-05,True,0.005003979285043072,217
gradient_glszm_ZonePercentage,glszm,630,0.365445813450349,2.4375920917856205e-21,0.365445813450349,9.671179883945843e-05,True,0.0,415
wavelet-HLL_glszm_GrayLevelNonUniformity,glszm,630,0.362746773458643,5.001379793466338e-21,0.362746773458643,9.671179883945843e-05,True,0.0,516
wavelet-LHH_glszm_LowGrayLevelZoneEmphasis,glszm,630,-0.3619605752680701,6.158173765439132e-21,0.3619605752680701,9.671179883945843e-05,True,0.0,468
wavelet-HLH_glrlm_LongRunHighGrayLevelEmphasis,glrlm,630,0.35979596639777306,1.08880242880564e-20,0.35979596639777306,9.671179883945843e-05,True,0.1334895166150717,139
lbp-3D-m2_firstorder_Maximum,firstorder,630,0.359688678731364,1.1198681857309471e-20,0.359688678731364,9.671179883945843e-05,True,0.5740198091034052,50
original_shape_Elongation,shape,630,0.35925496500300186,1.2546152227232107e-20,0.35925496500300186,9.671179883945843e-05,True,0.13771871953201323,137
wavelet-LHH_glszm_LargeAreaLowGrayLevelEmphasis,glszm,630,-0.35901302008967256,1.3366069479081618e-20,0.35901302008967256,9.671179883945843e-05,True,0.0,249
wavelet-HLH_glszm_SizeZoneNonUniformityNormalized,glszm,630,0.3582389891935939,1.636069256283809e-20,0.3582389891935939,9.671179883945843e-05,True,0.0,428
square_glcm_ClusterProminence,glcm,630,-0.3574677901974984,2.000041375969088e-20,0.3574677901974984,9.671179883945843e-05,True,0.0,228
square_glrlm_RunLengthNonUniformity,glrlm,630,0.35744961604972314,2.0095181975847754e-20,0.35744961604972314,9.671179883945843e-05,True,0.0,449
wavelet-HLL_glcm_Imc2,glcm,630,-0.3566151134800915,2.495831449597931e-20,0.3566151134800915,9.671179883945843e-05,True,0.0,252
logarithm_firstorder_Minimum,firstorder,630,0.35572857704338534,3.1398003812991375e-20,0.35572857704338534,9.671179883945843e-05,True,0.0,447
wavelet-HLL_firstorder_Kurtosis,firstorder,630,0.35469639605313846,4.0979841544307517e-20,0.35469639605313846,9.671179883945843e-05,True,0.0,350
lbp-3D-k_gldm_DependenceNonUniformityNormalized,gldm,630,0.35374083304687365,5.2393088178348276e-20,0.35374083304687365,9.671179883945843e-05,True,1.6048190390063684,11
log-sigma-3-0-mm-3D_firstorder_Skewness,firstorder,630,0.3535407414614086,5.515328441869893e-20,0.3535407414614086,9.671179883945843e-05,True,0.0,329
log-sigma-5-0-mm-3D_gldm_DependenceVariance,gldm,630,0.3532750670937228,5.904082869777745e-20,0.3532750670937228,9.671179883945843e-05,True,0.0,505
wavelet-HLH_firstorder_Variance,firstorder,630,0.3528860448102231,6.522542072981492e-20,0.3528860448102231,9.671179883945843e-05,True,0.0,265
original_glrlm_LongRunLowGrayLevelEmphasis,glrlm,630,0.3528628683728113,6.561339659238654e-20,0.3528628683728113,9.671179883945843e-05,True,0.11865134737773901,147
gradient_glcm_Correlation,glcm,630,-0.3526179070034197,6.985578884239077e-20,0.3526179070034197,9.671179883945843e-05,True,0.01613615016854622,208
wavelet-HLL_firstorder_Median,firstorder,630,0.351880986787403,8.431692450688557e-20,0.351880986787403,9.671179883945843e-05,True,0.0,508
wavelet-LHH_glszm_SizeZoneNonUniformity,glszm,630,0.3518407422361053,8.518654828396083e-20,0.3518407422361053,9.671179883945843e-05,True,0.0,446
exponential_glrlm_RunLengthNonUniformity,glrlm,630,0.3516609111805253,8.918171345198523e-20,0.3516609111805253,9.671179883945843e-05,True,0.0,356
wavelet-LHH_gldm_LargeDependenceLowGrayLevelEmphasis,gldm,630,-0.35140800647683645,9.511459881129707e-20,0.35140800647683645,9.671179883945843e-05,True,0.0,231
wavelet-LLH_glszm_LowGrayLevelZoneEmphasis,glszm,630,-0.3513366672909633,9.685738714256629e-20,0.3513366672909633,9.671179883945843e-05,True,0.25030164161981455,102
wavelet-HLH_glcm_Idn,glcm,630,0.3497535054638059,1.447478754344785e-19,0.3497535054638059,9.671179883945843e-05,True,0.0,250
wavelet-LHH_firstorder_RootMeanSquared,firstorder,630,0.3486716283599328,1.902291167536274e-19,0.3486716283599328,9.671179883945843e-05,True,0.054209826444126794,190
original_firstorder_Skewness,firstorder,630,0.34816712608351535,2.1600088433118155e-19,0.34816712608351535,9.671179883945843e-05,True,0.0,308
gradient_firstorder_Variance,firstorder,630,0.34748324521992724,2.5650366002318636e-19,0.34748324521992724,9.671179883945843e-05,True,0.0,264
log-sigma-5-0-mm-3D_gldm_DependenceNonUniformityNormalized,gldm,630,-0.3466073920651084,3.1945928029839224e-19,0.3466073920651084,9.671179883945843e-05,True,0.0,255
log-sigma-3-0-mm-3D_gldm_LargeDependenceLowGrayLevelEmphasis,gldm,630,0.3465381895356127,3.250380789224942e-19,0.3465381895356127,9.671179883945843e-05,True,0.010489816156732022,213
wavelet-HHH_glszm_GrayLevelNonUniformityNormalized,glszm,630,-0.3428008756558179,8.226437380889124e-19,0.3428008756558179,9.671179883945843e-05,True,0.0,461
wavelet-LHH_glrlm_LongRunHighGrayLevelEmphasis,glrlm,630,0.34261038668550736,8.622260355828652e-19,0.34261038668550736,9.671179883945843e-05,True,0.0,457
wavelet-HHH_glszm_LargeAreaLowGrayLevelEmphasis,glszm,630,-0.34236039788934536,9.170310486682003e-19,0.34236039788934536,9.671179883945843e-05,True,0.16934973571108994,125
lbp-3D-k_firstorder_10Percentile,firstorder,630,0.34002664124535553,1.6257772571299692e-18,0.34002664124535553,9.671179883945843e-05,True,0.25605906977058296,101
log-sigma-5-0-mm-3D_firstorder_TotalEnergy,firstorder,630,0.3370827058142328,3.3247785251167318e-18,0.3370827058142328,9.671179883945843e-05,True,0.004419497063601723,219
lbp-3D-m2_firstorder_InterquartileRange,firstorder,630,-0.3331360249766043,8.57213256909383e-18,0.3331360249766043,9.671179883945843e-05,True,0.0,289
wavelet-LHL_firstorder_InterquartileRange,firstorder,630,-0.33215472154527464,1.0825322886398608e-17,0.33215472154527464,9.671179883945843e-05,True,0.0,397
log-sigma-5-0-mm-3D_glcm_ClusterShade,glcm,630,0.33142682556031094,1.2864247116534411e-17,0.33142682556031094,9.671179883945843e-05,True,0.14289572530623423,134
wavelet-HLL_firstorder_90Percentile,firstorder,630,-0.32886997685338115,2.3498948920626218e-17,0.32886997685338115,9.671179883945843e-05,True,0.0,355
lbp-3D-k_glszm_SizeZoneNonUniformity,glszm,630,-0.327097121386811,3.5565982586490895e-17,0.327097121386811,9.671179883945843e-05,True,0.12584483636445565,141
gradient_glszm_LargeAreaLowGrayLevelEmphasis,glszm,630,0.3254315437251141,5.236685256377651e-17,0.3254315437251141,9.671179883945843e-05,True,0.4132182872401238,65
lbp-3D-m1_glcm_Correlation,glcm,630,-0.32462504392259406,6.310193836308865e-17,0.32462504392259406,9.671179883945843e-05,True,0.0,257
wavelet-HLL_gldm_DependenceEntropy,gldm,630,-0.3245777861109516,6.379412094470586e-17,0.3245777861109516,9.671179883945843e-05,True,0.0,377
lbp-3D-m2_glszm_HighGrayLevelZoneEmphasis,glszm,630,-0.32332114662456146,8.52046254538451e-17,0.32332114662456146,9.671179883945843e-05,True,0.05030249503985473,192
wavelet-HHL_glszm_GrayLevelNonUniformity,glszm,630,0.32300000080227315,9.172510602845402e-17,0.32300000080227315,9.671179883945843e-05,True,0.0,273
lbp-3D-m1_glszm_SmallAreaEmphasis,glszm,630,0.32155562391928016,1.2765851156195148e-16,0.32155562391928016,9.671179883945843e-05,True,0.0,405
wavelet-LLL_glcm_Contrast,glcm,630,-0.3201112693452556,1.7735204204902391e-16,0.3201112693452556,9.671179883945843e-05,True,0.08844309914840862,168
wavelet-HHH_glcm_MCC,glcm,630,0.3194024775820198,2.082687585345367e-16,0.3194024775820198,9.671179883945843e-05,True,0.042377358864356,194
wavelet-LHL_firstorder_RootMeanSquared,firstorder,630,0.31785315033702766,2.954790720971668e-16,0.31785315033702766,9.671179883945843e-05,True,0.0,351
wavelet-LLH_glszm_ZoneEntropy,glszm,630,0.3157134775035122,4.773741929548444e-16,0.3157134775035122,9.671179883945843e-05,True,0.0,336
wavelet-LHH_gldm_LargeDependenceHighGrayLevelEmphasis,gldm,630,0.31564754280141727,4.844535116191148e-16,0.31564754280141727,9.671179883945843e-05,True,0.0,429
exponential_glrlm_LongRunLowGrayLevelEmphasis,glrlm,630,0.3117304483703331,1.1540234636645553e-15,0.3117304483703331,9.671179883945843e-05,True,0.2618416265241265,100
lbp-3D-m1_glszm_SizeZoneNonUniformity,glszm,630,0.31076271153257184,1.427201195061233e-15,0.31076271153257184,9.671179883945843e-05,True,0.09565572744618991,163
wavelet-LHL_glrlm_GrayLevelNonUniformity,glrlm,630,0.3099817333796238,1.6931735600791115e-15,0.3099817333796238,9.671179883945843e-05,True,0.0,500
square_glcm_DifferenceVariance,glcm,630,-0.308539138404969,2.3185218246587586e-15,0.308539138404969,9.671179883945843e-05,True,0.0,324
wavelet-HLH_gldm_LargeDependenceLowGrayLevelEmphasis,gldm,630,-0.3070557961363394,3.1973780706524683e-15,0.3070557961363394,9.671179883945843e-05,True,0.0,409
exponential_gldm_DependenceNonUniformityNormalized,gldm,630,0.3069902133541185,3.243000842721899e-15,0.3069902133541185,9.671179883945843e-05,True,0.0,254
exponential_gldm_DependenceNonUniformity,gldm,630,0.3051484406938877,4.820742592902565e-15,0.3051484406938877,9.671179883945843e-05,True,0.0,391
log-sigma-3-0-mm-3D_firstorder_Kurtosis,firstorder,630,0.30487678368834487,5.10981515717163e-15,0.30487678368834487,9.671179883945843e-05,True,0.0,283
wavelet-HLH_glrlm_RunEntropy,glrlm,630,0.3047336025739217,5.268957637011008e-15,0.3047336025739217,9.671179883945843e-05,True,0.0556556341246096,189
wavelet-HHH_glszm_GrayLevelNonUniformity,glszm,630,0.3044982424169787,5.541193218014611e-15,0.3044982424169787,9.671179883945843e-05,True,0.0,272
lbp-3D-m1_gldm_LargeDependenceHighGrayLevelEmphasis,gldm,630,0.3044779076483751,5.565352040995818e-15,0.3044779076483751,9.671179883945843e-05,True,0.0,453
lbp-3D-m2_glrlm_RunEntropy,glrlm,630,-0.3030647985317291,7.523598853418735e-15,0.3030647985317291,9.671179883945843e-05,True,0.0,368
lbp-3D-k_gldm_SmallDependenceLowGrayLevelEmphasis,gldm,630,0.30208412352874575,9.265569850738653e-15,0.30208412352874575,9.671179883945843e-05,True,0.0,463
wavelet-HLH_firstorder_Kurtosis,firstorder,630,0.3009012705581877,1.1898979199282144e-14,0.3009012705581877,9.671179883945843e-05,True,0.0,513
wavelet-HLL_glcm_ClusterTendency,glcm,630,-0.30029131800525943,1.353118035464098e-14,0.30029131800525943,9.671179883945843e-05,True,0.0,443
lbp-3D-m1_glcm_Autocorrelation,glcm,630,0.30001900743423643,1.4329013986194607e-14,0.30001900743423643,9.671179883945843e-05,True,0.27835479817066466,96
wavelet-HLL_glcm_Imc1,glcm,630,0.29935214441026636,1.6482974786505566e-14,0.29935214441026636,9.671179883945843e-05,True,0.0,430
wavelet-HLH_gldm_SmallDependenceLowGrayLevelEmphasis,gldm,630,-0.29887285467910285,1.8224285840897072e-14,0.29887285467910285,9.671179883945843e-05,True,0.0,471
lbp-3D-m2_firstorder_Range,firstorder,630,0.2967299182756986,2.8488047877597683e-14,0.2967299182756986,9.671179883945843e-05,True,0.0,280
wavelet-HLL_glcm_MCC,glcm,630,0.29615241350506166,3.2112225073831605e-14,0.29615241350506166,9.671179883945843e-05,True,0.0,367
exponential_glszm_GrayLevelNonUniformity,glszm,630,-0.29429495821726814,4.711399446156519e-14,0.29429495821726814,9.671179883945843e-05,True,0.0,305
wavelet-HHL_glszm_SizeZoneNonUniformity,glszm,630,0.2927559377656144,6.459101118551786e-14,0.2927559377656144,9.671179883945843e-05,True,0.0,396
wavelet-LHH_glszm_ZoneEntropy,glszm,630,0.292527286883673,6.76797305076899e-14,0.292527286883673,9.671179883945843e-05,True,0.008360432176762682,215
wavelet-HLH_gldm_LargeDependenceHighGrayLevelEmphasis,gldm,630,0.2923152300224942,7.067349339794307e-14,0.2923152300224942,9.671179883945843e-05,True,0.0,469
wavelet-LHH_gldm_SmallDependenceLowGrayLevelEmphasis,gldm,630,-0.2909302242214952,9.367966710749923e-14,0.2909302242214952,9.671179883945843e-05,True,0.0,465
wavelet-LLH_firstorder_90Percentile,firstorder,630,0.2908440038523815,9.533277937790447e-14,0.2908440038523815,9.671179883945843e-05,True,0.0,398
wavelet-LHL_glcm_MCC,glcm,630,0.28808460012086917,1.663447673118372e-13,0.28808460012086917,9.671179883945843e-05,True,0.0,240
log-sigma-5-0-mm-3D_gldm_LargeDependenceHighGrayLevelEmphasis,gldm,630,-0.28466001755335485,3.291456348520156e-13,0.28466001755335485,9.671179883945843e-05,True,0.21529551175805556,110
lbp-3D-k_firstorder_Minimum,firstorder,630,-0.28349410701101324,4.1435119306351116e-13,0.28349410701101324,9.671179883945843e-05,True,0.0,373
square_firstorder_Variance,firstorder,630,-0.2827420542404174,4.804095596723219e-13,0.2827420542404174,9.671179883945843e-05,True,0.0,227
gradient_glcm_Imc1,glcm,630,-0.28270515292792203,4.839036379378271e-13,0.28270515292792203,9.671179883945843e-05,True,0.0,462
lbp-3D-k_gldm_DependenceEntropy,gldm,630,0.28208778492050735,5.461901071604777e-13,0.28208778492050735,9.671179883945843e-05,True,0.0,333
wavelet-LHH_glcm_Idn,glcm,630,0.28153001705745667,6.091720478228344e-13,0.28153001705745667,9.671179883945843e-05,True,0.0,251
wavelet-HLL_glcm_Idn,glcm,630,0.28090483140141387,6.88237506834113e-13,0.28090483140141387,9.671179883945843e-05,True,0.0,493
wavelet-LLH_firstorder_10Percentile,firstorder,630,-0.2806402379304836,7.246499280313227e-13,0.2806402379304836,9.671179883945843e-05,True,0.1838758437298106,122
wavelet-HHH_gldm_SmallDependenceLowGrayLevelEmphasis,gldm,630,-0.27967067354066305,8.749202805926603e-13,0.27967067354066305,9.671179883945843e-05,True,0.07010648671502609,177
lbp-3D-m2_gldm_LargeDependenceHighGrayLevelEmphasis,gldm,630,0.27758404005957604,1.3092203728649347e-12,0.27758404005957604,9.671179883945843e-05,True,0.0,381
lbp-3D-m2_glrlm_LongRunHighGrayLevelEmphasis,glrlm,630,0.27682882001011483,1.513568128099651e-12,0.27682882001011483,9.671179883945843e-05,True,0.0,312
lbp-3D-m1_glrlm_RunVariance,glrlm,630,-0.2766997911020505,1.5514732065498759e-12,0.2766997911020505,9.671179883945843e-05,True,0.5226610387708153,58
lbp-3D-m1_glcm_DifferenceVariance,glcm,630,-0.27601492989024207,1.7687559000008622e-12,0.27601492989024207,9.671179883945843e-05,True,1.4201766382488645,17
wavelet-LLH_firstorder_Range,firstorder,630,0.27461783312786003,2.3083297406954984e-12,0.27461783312786003,9.671179883945843e-05,True,0.4785811937676875,59
wavelet-LHH_glcm_ClusterProminence,glcm,630,0.27251327687033633,3.4374429023657366e-12,0.27251327687033633,9.671179883945843e-05,True,0.0,498
lbp-3D-k_firstorder_Kurtosis,firstorder,630,-0.27120483877905166,4.395432567923983e-12,0.27120483877905166,9.671179883945843e-05,True,0.032419918511576114,200
lbp-3D-m1_firstorder_Median,firstorder,630,0.2706712160840517,4.8571228493626265e-12,0.2706712160840517,9.671179883945843e-05,True,0.0,285
wavelet-HHH_glcm_Imc2,glcm,630,0.2695529520279418,5.983722367658137e-12,0.2695529520279418,9.671179883945843e-05,True,0.4456207132682522,62
gradient_gldm_SmallDependenceHighGrayLevelEmphasis,gldm,630,0.26779750028536015,8.285886710385107e-12,0.26779750028536015,9.671179883945843e-05,True,0.0,357
wavelet-LHH_firstorder_Variance,firstorder,630,0.2675418556340813,8.686409730623732e-12,0.2675418556340813,9.671179883945843e-05,True,0.0,484
square_glszm_LowGrayLevelZoneEmphasis,glszm,630,0.26749298904587226,8.765095739550475e-12,0.26749298904587226,9.671179883945843e-05,True,0.0,422
square_firstorder_Range,firstorder,630,-0.2670040717924433,9.59171996867042e-12,0.2670040717924433,9.671179883945843e-05,True,0.0,400
wavelet-HLH_glcm_ClusterShade,glcm,630,0.26561064505160364,1.2388223951131395e-11,0.26561064505160364,9.671179883945843e-05,True,0.001338251820440761,223
wavelet-HHH_firstorder_InterquartileRange,firstorder,630,0.2646163457220723,1.4855940359937245e-11,0.2646163457220723,9.671179883945843e-05,True,0.1509456695424607,129
square_firstorder_Kurtosis,firstorder,630,-0.26261128224033636,2.137918525179896e-11,0.26261128224033636,9.671179883945843e-05,True,0.19164365939277359,120
lbp-3D-m1_glcm_JointEntropy,glcm,630,-0.26218792263199436,2.3078156750740437e-11,0.26218792263199436,9.671179883945843e-05,True,0.1959056901194232,117
log-sigma-3-0-mm-3D_gldm_DependenceNonUniformity,gldm,630,-0.2616070066073678,2.562559840060178e-11,0.2616070066073678,9.671179883945843e-05,True,0.06031023845885897,182
wavelet-LHL_glcm_Imc2,glcm,630,-0.26146658743896617,2.628143102493751e-11,0.26146658743896617,9.671179883945843e-05,True,0.0,236
wavelet-HLL_glcm_ClusterShade,glcm,630,-0.26077400912706517,2.976356186801432e-11,0.26077400912706517,9.671179883945843e-05,True,0.0,454
wavelet-HLH_gldm_DependenceEntropy,gldm,630,0.25987211390157516,3.4979608294604483e-11,0.25987211390157516,9.671179883945843e-05,True,0.0,380
wavelet-HHH_gldm_DependenceEntropy,gldm,630,0.25962619732109726,3.655026866899389e-11,0.25962619732109726,9.671179883945843e-05,True,0.0,378
wavelet-HHH_glcm_JointEntropy,glcm,630,0.2588090896480914,4.227955084140487e-11,0.2588090896480914,9.671179883945843e-05,True,0.09338934589163794,165
gradient_gldm_SmallDependenceLowGrayLevelEmphasis,gldm,630,0.25872686608326023,4.2902428665776066e-11,0.25872686608326023,9.671179883945843e-05,True,0.0,473
wavelet-HHH_glszm_SizeZoneNonUniformityNormalized,glszm,630,0.25644645043730524,6.423221920221402e-11,0.25644645043730524,9.671179883945843e-05,True,0.0,258
wavelet-HLL_glszm_LargeAreaEmphasis,glszm,630,0.2562660694394033,6.630467647512629e-11,0.2562660694394033,9.671179883945843e-05,True,0.0,395
log-sigma-4-0-mm-3D_gldm_LowGrayLevelEmphasis,gldm,630,0.2541428834910721,9.61779770904571e-11,0.2541428834910721,9.671179883945843e-05,True,0.0,245
lbp-3D-m2_glcm_DifferenceVariance,glcm,630,0.25274181506154136,1.227053632643574e-10,0.25274181506154136,9.671179883945843e-05,True,2.331368351748674,6
wavelet-LHH_firstorder_Median,firstorder,630,0.2517177533655288,1.4648111678640965e-10,0.2517177533655288,9.671179883945843e-05,True,0.0,321
lbp-3D-m2_glcm_InverseVariance,glcm,630,-0.2515975224543129,1.4955121393776415e-10,0.2515975224543129,9.671179883945843e-05,True,0.0,261
wavelet-LLL_firstorder_Kurtosis,firstorder,630,0.25130648471856987,1.572448834344138e-10,0.25130648471856987,9.671179883945843e-05,True,0.0,276
gradient_gldm_DependenceNonUniformity,gldm,630,0.25112982094185526,1.6210181053165324e-10,0.25112982094185526,9.671179883945843e-05,True,0.01608362035646274,209
square_glszm_LargeAreaEmphasis,glszm,630,-0.25072760166308317,1.7371169010223864e-10,0.25072760166308317,9.671179883945843e-05,True,0.0,435
gradient_glszm_ZoneEntropy,glszm,630,-0.24770116615865687,2.9119935699387664e-10,0.24770116615865687,9.671179883945843e-05,True,0.13999974483917332,136
wavelet-HHH_glszm_LargeAreaEmphasis,glszm,630,-0.24726800306811245,3.133722614927051e-10,0.24726800306811245,9.671179883945843e-05,True,0.0,239
lbp-3D-m2_glszm_SizeZoneNonUniformity,glszm,630,0.2470544342994689,3.249014912208861e-10,0.2470544342994689,9.671179883945843e-05,True,0.0,502
lbp-3D-m1_glszm_HighGrayLevelZoneEmphasis,glszm,630,-0.24658104377331622,3.519491471637304e-10,0.24658104377331622,9.671179883945843e-05,True,0.236397555755248,106
wavelet-LHH_glcm_MCC,glcm,630,0.24651388905254074,3.559594983172361e-10,0.24651388905254074,9.671179883945843e-05,True,0.0,413
lbp-3D-m2_glcm_Imc2,glcm,630,-0.24504741380072612,4.555048424356718e-10,0.24504741380072612,9.671179883945843e-05,True,0.19288754871579475,118
wavelet-LHL_firstorder_Entropy,firstorder,630,-0.24493889679388528,4.638635318567601e-10,0.24493889679388528,9.671179883945843e-05,True,0.0,295
log-sigma-5-0-mm-3D_firstorder_Kurtosis,firstorder,630,0.24442690365157982,5.053579821552699e-10,0.24442690365157982,9.671179883945843e-05,True,0.0,300
wavelet-HHH_glcm_Imc1,glcm,630,-0.2428735544651713,6.545972214880523e-10,0.2428735544651713,9.671179883945843e-05,True,0.323273197552344,87
wavelet-LLH_glcm_MCC,glcm,630,0.2426548614006555,6.787865246288583e-10,0.2426548614006555,9.671179883945843e-05,True,0.5633240249835898,53
log-sigma-5-0-mm-3D_firstorder_Maximum,firstorder,630,0.2416578221235343,8.005461038436863e-10,0.2416578221235343,9.671179883945843e-05,True,0.1682411440466928,126
lbp-3D-m1_gldm_DependenceNonUniformity,gldm,630,0.23594505653570452,2.0316018546629615e-09,0.23594505653570452,9.671179883945843e-05,True,0.004935458412444879,218
wavelet-LHL_glcm_MaximumProbability,glcm,630,0.23580381098058795,2.078295954794266e-09,0.23580381098058795,9.671179883945843e-05,True,0.0,475
lbp-3D-m2_gldm_DependenceEntropy,gldm,630,-0.23549040119571632,2.1856606710789702e-09,0.23549040119571632,9.671179883945843e-05,True,0.4056503605305099,67
gradient_glszm_SmallAreaLowGrayLevelEmphasis,glszm,630,-0.23543042399434452,2.2068127394940496e-09,0.23543042399434452,9.671179883945843e-05,True,0.0,241
log-sigma-4-0-mm-3D_firstorder_Skewness,firstorder,630,0.23502928561232808,2.353483871468962e-09,0.23502928561232808,9.671179883945843e-05,True,0.0,299
lbp-3D-m1_firstorder_10Percentile,firstorder,630,0.23488932770475004,2.406853140973119e-09,0.23488932770475004,9.671179883945843e-05,True,0.3837141104800351,73
log-sigma-3-0-mm-3D_glszm_SizeZoneNonUniformity,glszm,630,-0.23435414271448204,2.6219905075554745e-09,0.23435414271448204,9.671179883945843e-05,True,0.28099754701257496,95
wavelet-LLH_glszm_SizeZoneNonUniformity,glszm,630,0.23378293624165883,2.8722058185722407e-09,0.23378293624165883,9.671179883945843e-05,True,0.0,442
wavelet-LHH_firstorder_Entropy,firstorder,630,0.23314405084766646,3.1795697043303847e-09,0.23314405084766646,9.671179883945843e-05,True,0.0,297
wavelet-HHH_glcm_JointEnergy,glcm,630,-0.2319623793223994,3.834371333792639e-09,0.2319623793223994,9.671179883945843e-05,True,0.0,232
wavelet-HHH_gldm_LargeDependenceHighGrayLevelEmphasis,gldm,630,0.23182151082429062,3.920665952831379e-09,0.23182151082429062,9.671179883945843e-05,True,0.06686435875552334,179
wavelet-LLL_firstorder_Skewness,firstorder,630,-0.22772355471513842,7.44421137540637e-09,0.22772355471513842,9.671179883945843e-05,True,0.23695735831219075,105
wavelet-HHL_glcm_Correlation,glcm,630,-0.22676809225740907,8.62955782756657e-09,0.22676809225740907,9.671179883945843e-05,True,0.0,247
wavelet-HLL_gldm_LargeDependenceEmphasis,gldm,630,0.2264375389472501,9.080768657294944e-09,0.2264375389472501,9.671179883945843e-05,True,0.0,316
wavelet-HLH_glszm_ZoneEntropy,glszm,630,0.22509971554649202,1.1152105545395194e-08,0.22509971554649202,9.671179883945843e-05,True,0.0,337
lbp-3D-k_glcm_Correlation,glcm,630,-0.22456854277105714,1.2095738260077513e-08,0.22456854277105714,9.671179883945843e-05,True,0.05954444094141934,185
wavelet-HLL_glcm_DifferenceAverage,glcm,630,-0.22383132090943422,1.3534637031637953e-08,0.22383132090943422,9.671179883945843e-05,True,0.0,291
log-sigma-3-0-mm-3D_firstorder_90Percentile,firstorder,630,0.22357210678514838,1.407894467431567e-08,0.22357210678514838,9.671179883945843e-05,True,0.09592343551004176,162
lbp-3D-m2_gldm_DependenceVariance,gldm,630,-0.22215578011536924,1.744873853548835e-08,0.22215578011536924,9.671179883945843e-05,True,0.0,507
square_glrlm_LongRunHighGrayLevelEmphasis,glrlm,630,0.2221030172714131,1.7588298296151426e-08,0.2221030172714131,9.671179883945843e-05,True,0.0,389
lbp-3D-m2_glszm_LargeAreaHighGrayLevelEmphasis,glszm,630,0.221000879637655,2.076332839145688e-08,0.221000879637655,9.671179883945843e-05,True,0.0,495
wavelet-HHH_gldm_DependenceVariance,gldm,630,-0.22010137243988104,2.3759724101219336e-08,0.22010137243988104,9.671179883945843e-05,True,0.0,509
gradient_glszm_GrayLevelVariance,glszm,630,-0.2190446324698604,2.7816387051056228e-08,0.2190446324698604,9.671179883945843e-05,True,0.0,326
log-sigma-5-0-mm-3D_glszm_ZonePercentage,glszm,630,-0.21785772085313315,3.317288892441157e-08,0.21785772085313315,9.671179883945843e-05,True,0.0,411
wavelet-HLH_firstorder_Skewness,firstorder,630,0.21703343552746446,3.746659133821851e-08,0.21703343552746446,9.671179883945843e-05,True,0.0,298
wavelet-HHL_glszm_SizeZoneNonUniformityNormalized,glszm,630,0.21468217344545498,5.2879183326307745e-08,0.21468217344545498,9.671179883945843e-05,True,0.0,259
lbp-3D-m2_gldm_LargeDependenceEmphasis,gldm,630,-0.21416252347018291,5.7033290021414216e-08,0.21416252347018291,9.671179883945843e-05,True,0.34574535538427326,79
wavelet-HHH_glcm_Idn,glcm,630,0.2137216432795458,6.080354716289216e-08,0.2137216432795458,9.671179883945843e-05,True,0.07797766578509623,174
lbp-3D-k_gldm_SmallDependenceHighGrayLevelEmphasis,gldm,630,-0.21180649532559984,8.016853765834561e-08,0.21180649532559984,9.671179883945843e-05,True,0.0,486
gradient_firstorder_Maximum,firstorder,630,-0.21112281555908252,8.842976756527486e-08,0.21112281555908252,9.671179883945843e-05,True,0.04348438665743588,193
wavelet-LHH_glszm_SizeZoneNonUniformityNormalized,glszm,630,0.2109438894403212,9.072405403348085e-08,0.2109438894403212,9.671179883945843e-05,True,0.0,401
gradient_glcm_Imc2,glcm,630,0.20713669455843964,1.5563839539690215e-07,0.20713669455843964,9.671179883945843e-05,True,0.0,417
wavelet-LLH_glcm_Contrast,glcm,630,0.20696483197429083,1.5943885257728667e-07,0.20696483197429083,9.671179883945843e-05,True,0.0,460
wavelet-LHL_glcm_Idn,glcm,630,0.20679269288166968,1.633350874702846e-07,0.20679269288166968,9.671179883945843e-05,True,0.0,243
wavelet-LHL_glszm_SizeZoneNonUniformity,glszm,630,0.20356319960998373,2.5593995796712957e-07,0.20356319960998373,9.671179883945843e-05,True,0.0,437
original_shape_LeastAxisLength,shape,630,-0.20249854144279958,2.9631582573479075e-07,0.20249854144279958,9.671179883945843e-05,True,0.0,501
wavelet-HLH_firstorder_RootMeanSquared,firstorder,630,0.20119729257179672,3.5403555324756065e-07,0.20119729257179672,9.671179883945843e-05,True,0.001861507172601129,222
wavelet-LHL_firstorder_Maximum,firstorder,630,0.20104435824943875,3.6149109823305646e-07,0.20104435824943875,9.671179883945843e-05,True,0.0,450
wavelet-HLH_firstorder_10Percentile,firstorder,630,-0.20045436458078927,3.916950946310751e-07,0.20045436458078927,9.671179883945843e-05,True,0.0,325
wavelet-LLH_firstorder_Entropy,firstorder,630,0.2003089462614532,3.995047038463804e-07,0.2003089462614532,9.671179883945843e-05,True,0.025061746167217475,205
wavelet-HLL_firstorder_Skewness,firstorder,630,-0.19943304283236665,4.498118112046653e-07,0.19943304283236665,9.671179883945843e-05,True,0.06437535850486258,181
gradient_firstorder_Median,firstorder,630,-0.19523675025558393,7.881843705315706e-07,0.19523675025558393,9.671179883945843e-05,True,0.0,348
log-sigma-4-0-mm-3D_gldm_LargeDependenceLowGrayLevelEmphasis,gldm,630,0.19264093899118293,1.1084028765442675e-06,0.19264093899118293,9.671179883945843e-05,True,0.05187810559029908,191
wavelet-LHL_glszm_LowGrayLevelZoneEmphasis,glszm,630,-0.1921783151797635,1.1772729923094876e-06,0.1921783151797635,9.671179883945843e-05,True,0.10527179335068196,154
square_glszm_SizeZoneNonUniformity,glszm,630,0.18919187617590175,1.7312423275981158e-06,0.18919187617590175,9.671179883945843e-05,True,0.0,354
lbp-3D-m1_glszm_SmallAreaHighGrayLevelEmphasis,glszm,630,0.1878234575626399,2.061684449506841e-06,0.1878234575626399,9.671179883945843e-05,True,0.0013166010497370957,224
gradient_glszm_SmallAreaHighGrayLevelEmphasis,glszm,630,0.18725440312648947,2.2161969734525112e-06,0.18725440312648947,9.671179883945843e-05,True,0.0,359
log-sigma-5-0-mm-3D_glcm_InverseVariance,glcm,630,0.1867214456145511,2.3709230708402017e-06,0.1867214456145511,9.671179883945843e-05,True,0.0,421
lbp-3D-m2_glrlm_LongRunEmphasis,glrlm,630,-0.18656785772671297,2.4173988813666467e-06,0.18656785772671297,9.671179883945843e-05,True,0.3387703367441302,83
wavelet-LHL_gldm_SmallDependenceLowGrayLevelEmphasis,gldm,630,-0.1865302023002021,2.4289259222113347e-06,0.1865302023002021,9.671179883945843e-05,True,0.0,229
wavelet-HLH_firstorder_90Percentile,firstorder,630,0.18641502395289045,2.4645118720989793e-06,0.18641502395289045,9.671179883945843e-05,True,0.0,323
wavelet-LHL_glszm_ZoneEntropy,glszm,630,-0.18350444549838982,3.54866948087873e-06,0.18350444549838982,9.671179883945843e-05,True,0.0,330
wavelet-HLL_glszm_ZonePercentage,glszm,630,-0.18350175086528964,3.5498580924596993e-06,0.18350175086528964,9.671179883945843e-05,True,0.08668578354972127,170
wavelet-HLH_glszm_GrayLevelNonUniformity,glszm,630,0.1830281580658088,3.7647825975864287e-06,0.1830281580658088,9.671179883945843e-05,True,0.0,274
wavelet-HLL_gldm_SmallDependenceLowGrayLevelEmphasis,gldm,630,-0.18281390329433078,3.866052738565954e-06,0.18281390329433078,9.671179883945843e-05,True,0.0,466
wavelet-HHH_firstorder_Kurtosis,firstorder,630,0.18271164543381924,3.9152995245828425e-06,0.18271164543381924,9.671179883945843e-05,True,0.0,313
square_firstorder_RobustMeanAbsoluteDeviation,firstorder,630,-0.18233991749841008,4.099423827378964e-06,0.18233991749841008,9.671179883945843e-05,True,0.0,270
wavelet-HLL_glszm_ZoneEntropy,glszm,630,-0.1813958672994497,4.604976835013452e-06,0.1813958672994497,9.671179883945843e-05,True,0.0,331
log-sigma-5-0-mm-3D_firstorder_Skewness,firstorder,630,0.17861017012592775,6.467654829215217e-06,0.17861017012592775,9.671179883945843e-05,True,0.10383561084672377,156
lbp-3D-m2_glcm_ClusterProminence,glcm,630,0.1783130492037925,6.704221696062156e-06,0.1783130492037925,9.671179883945843e-05,True,0.6354601602708786,45
log-sigma-5-0-mm-3D_glcm_Contrast,glcm,630,-0.17674572377096207,8.09514048144189e-06,0.17674572377096207,9.671179883945843e-05,True,0.0,327
log-sigma-4-0-mm-3D_gldm_DependenceNonUniformity,gldm,630,-0.17442692372161442,1.0667337155963734e-05,0.17442692372161442,9.671179883945843e-05,True,0.0,385
wavelet-LLH_glcm_ClusterProminence,glcm,630,0.16992141926131343,1.8049779103726466e-05,0.16992141926131343,9.671179883945843e-05,True,0.3752096981098317,76
square_gldm_SmallDependenceLowGrayLevelEmphasis,gldm,630,0.1691017727377885,1.9833542731746685e-05,0.1691017727377885,9.671179883945843e-05,True,0.0,482
wavelet-HLH_glszm_ZonePercentage,glszm,630,0.1674245070088604,2.401902155388671e-05,0.1674245070088604,9.671179883945843e-05,True,0.059983910523454906,183
wavelet-HLL_glrlm_LongRunHighGrayLevelEmphasis,glrlm,630,0.16503068822472453,3.1466416133674584e-05,0.16503068822472453,9.671179883945843e-05,True,0.01314390135148507,210
wavelet-HLH_glszm_LargeAreaHighGrayLevelEmphasis,glszm,630,0.16373630179126336,3.6357263959979536e-05,0.16373630179126336,9.671179883945843e-05,True,0.0,487
log-sigma-3-0-mm-3D_firstorder_Maximum,firstorder,630,-0.16217993614879261,4.319221702303158e-05,0.16217993614879261,9.671179883945843e-05,True,0.025777236408325844,203
wavelet-HLH_glcm_Imc2,glcm,630,0.15811629222734894,6.722312481416354e-05,0.15811629222734894,9.671179883945843e-05,True,0.9854401305055477,31
gradient_glszm_LowGrayLevelZoneEmphasis,glszm,630,-0.15775680607612588,6.986985755502901e-05,0.15775680607612588,9.671179883945843e-05,True,0.0,253
wavelet-LHH_gldm_LargeDependenceEmphasis,gldm,630,-0.15287932597750092,0.0001170195177539791,0.15287932597750092,9.671179883945843e-05,False,0.0,290
gradient_glcm_ClusterProminence,glcm,630,0.1506324144625474,0.00014763781864375136,0.1506324144625474,9.671179883945843e-05,False,0.025247205544569502,204
wavelet-HLH_glcm_Imc1,glcm,630,-0.14995642665898892,0.00015823057999734755,0.14995642665898892,9.671179883945843e-05,False,0.0,424
lbp-3D-m1_gldm_LargeDependenceEmphasis,gldm,630,-0.14520741878305982,0.00025534570810732503,0.14520741878305982,9.671179883945843e-05,False,0.23074872830061052,107
wavelet-HLL_glrlm_LongRunLowGrayLevelEmphasis,glrlm,630,-0.14507640404142114,0.0002586866085105504,0.14507640404142114,9.671179883945843e-05,False,0.009687333123415477,214
wavelet-LHH_glszm_LargeAreaEmphasis,glszm,630,-0.14442356363338152,0.00027595232735819116,0.14442356363338152,9.671179883945843e-05,False,0.0,269
square_glrlm_RunEntropy,glrlm,630,-0.1430895649817282,0.00031463445052691736,0.1430895649817282,9.671179883945843e-05,False,0.0,338
gradient_glszm_GrayLevelNonUniformityNormalized,glszm,630,-0.13565884456927071,0.0006400658901886175,0.13565884456927071,9.671179883945843e-05,False,0.0,244
gradient_glcm_JointEnergy,glcm,630,0.13460228824494078,0.0007060803485126247,0.13460228824494078,9.671179883945843e-05,False,0.0,485
exponential_glrlm_RunLengthNonUniformityNormalized,glrlm,630,0.13164988159970975,0.0009254868327561546,0.13164988159970975,9.671179883945843e-05,False,0.3058430247289213,89
wavelet-HHL_gldm_SmallDependenceLowGrayLevelEmphasis,gldm,630,-0.12709297170068062,0.0013903605997142986,0.12709297170068062,9.671179883945843e-05,False,0.0,464
wavelet-LHH_glcm_JointEntropy,glcm,630,0.12522171318244094,0.0016371698822218402,0.12522171318244094,9.671179883945843e-05,False,0.07885047166749741,173
lbp-3D-m1_glszm_SmallAreaLowGrayLevelEmphasis,glszm,630,0.12452275003854134,0.0017392450154252851,0.12452275003854134,9.671179883945843e-05,False,0.036114634893757415,197
gradient_gldm_LargeDependenceEmphasis,gldm,630,0.1238567697862676,0.0018419027366635382,0.1238567697862676,9.671179883945843e-05,False,0.38563865713655454,71
wavelet-LHH_glcm_Imc2,glcm,630,0.12181729059627623,0.002191800916115802,0.12181729059627623,9.671179883945843e-05,False,0.0,248
square_glcm_JointEntropy,glcm,630,0.12064212958867696,0.002420031877076863,0.12064212958867696,9.671179883945843e-05,False,0.0,286
square_glszm_ZonePercentage,glszm,630,0.11721514791952395,0.0032149978222736435,0.11721514791952395,9.671179883945843e-05,False,0.0,403
wavelet-LLH_glcm_Idn,glcm,630,0.11649166200690712,0.003410562786182474,0.11649166200690712,9.671179883945843e-05,False,0.11206907986762207,151
square_glcm_DifferenceAverage,glcm,630,-0.11392842846797885,0.004193466837631935,0.11392842846797885,9.671179883945843e-05,False,0.0,281
lbp-3D-m1_glszm_LowGrayLevelZoneEmphasis,glszm,630,0.11072830201109925,0.005397528954049875,0.11072830201109925,9.671179883945843e-05,False,0.0,434
log-sigma-3-0-mm-3D_glcm_ClusterShade,glcm,630,-0.11066970070962259,0.005422222874192539,0.11066970070962259,9.671179883945843e-05,False,0.2998557207433538,90
log-sigma-4-0-mm-3D_firstorder_Maximum,firstorder,630,-0.10677057932924282,0.0073124603490513545,0.10677057932924282,9.671179883945843e-05,False,0.06760338885323777,178
lbp-3D-m2_glszm_LargeAreaLowGrayLevelEmphasis,glszm,630,-0.10332375039826913,0.009453471244801009,0.10332375039826913,9.671179883945843e-05,False,0.10417469397119339,155
wavelet-LLH_gldm_LargeDependenceEmphasis,gldm,630,0.1029009687212668,0.00975122897497063,0.1029009687212668,9.671179883945843e-05,False,0.2125642466464958,114
wavelet-LHH_glcm_Imc1,glcm,630,-0.10278139159826995,0.009836944123395235,0.10278139159826995,9.671179883945843e-05,False,0.0,364
lbp-3D-m2_glszm_ZonePercentage,glszm,630,0.10103579399586439,0.011166716581054873,0.10103579399586439,9.671179883945843e-05,False,0.0,237
lbp-3D-m2_firstorder_Minimum,firstorder,630,-0.10048858959845011,0.011615171412168928,0.10048858959845011,9.671179883945843e-05,False,0.0,275
original_firstorder_TotalEnergy,firstorder,630,-0.09981629070044346,0.012187919103993519,0.09981629070044346,9.671179883945843e-05,False,0.0,230
lbp-3D-m1_glrlm_HighGrayLevelRunEmphasis,glrlm,630,-0.09872282537786446,0.013172890124959457,0.09872282537786446,9.671179883945843e-05,False,0.0,279
lbp-3D-m2_glszm_GrayLevelNonUniformityNormalized,glszm,630,-0.09519216149998279,0.016848894721592837,0.09519216149998279,9.671179883945843e-05,False,0.0,418
exponential_gldm_SmallDependenceLowGrayLevelEmphasis,gldm,630,-0.09403854562160527,0.018230893320099043,0.09403854562160527,9.671179883945843e-05,False,1.734627144750165,10
lbp-3D-m2_firstorder_90Percentile,firstorder,630,0.09258017290306335,0.020118939424020123,0.09258017290306335,9.671179883945843e-05,False,0.0,304
log-sigma-5-0-mm-3D_glszm_LargeAreaHighGrayLevelEmphasis,glszm,630,0.0901910056398906,0.02358051194194654,0.0901910056398906,9.671179883945843e-05,False,0.0,490
log-sigma-4-0-mm-3D_glszm_SizeZoneNonUniformity,glszm,630,-0.08929696684009453,0.0250025012804188,0.08929696684009453,9.671179883945843e-05,False,0.0,361
log-sigma-3-0-mm-3D_glszm_LargeAreaHighGrayLevelEmphasis,glszm,630,0.08757490870847073,0.02795112060720828,0.08757490870847073,9.671179883945843e-05,False,0.0,489
lbp-3D-k_glszm_ZoneVariance,glszm,630,0.08355484448202355,0.03601903445137488,0.08355484448202355,9.671179883945843e-05,False,0.03009326317409072,202
wavelet-LHL_glszm_LargeAreaEmphasis,glszm,630,0.07957875158862844,0.04586741613722582,0.07957875158862844,9.671179883945843e-05,False,0.0,512
lbp-3D-k_glcm_ClusterShade,glcm,630,-0.07665033547335551,0.05449047058774967,0.07665033547335551,9.671179883945843e-05,False,0.21263132338564755,113
wavelet-HLH_gldm_LargeDependenceEmphasis,gldm,630,-0.07333621980029853,0.06583484201911781,0.07333621980029853,9.671179883945843e-05,False,0.0,322
gradient_gldm_GrayLevelNonUniformity,gldm,630,0.06638661748721962,0.09594894860767582,0.06638661748721962,9.671179883945843e-05,False,0.0,392
lbp-3D-m2_glcm_Idn,glcm,630,-0.060276760595923635,0.13071089412623285,0.060276760595923635,9.671179883945843e-05,False,0.14560825265372157,132
wavelet-LHH_glszm_GrayLevelNonUniformity,glszm,630,0.06014114575878999,0.1315806186029286,0.06014114575878999,9.671179883945843e-05,False,0.0,271
exponential_gldm_LargeDependenceLowGrayLevelEmphasis,gldm,630,0.05830057968098407,0.14383158492105477,0.05830057968098407,9.671179883945843e-05,False,0.0,445
lbp-3D-m1_glszm_ZonePercentage,glszm,630,-0.057665689247226495,0.14825404789730548,0.057665689247226495,9.671179883945843e-05,False,0.0,260
wavelet-LLH_firstorder_Maximum,firstorder,630,-0.056561291115469446,0.1561927911512319,0.056561291115469446,9.671179883945843e-05,False,0.0,452
lbp-3D-m2_glcm_MaximumProbability,glcm,630,0.056246423376834394,0.15851406612158933,0.056246423376834394,9.671179883945843e-05,False,0.21455571638116822,112
wavelet-HLH_glszm_LargeAreaEmphasis,glszm,630,-0.05520280565299556,0.16639424645665332,0.05520280565299556,9.671179883945843e-05,False,0.0,439
log-sigma-4-0-mm-3D_glcm_ClusterShade,glcm,630,0.05501399997831938,0.16785074777128586,0.05501399997831938,9.671179883945843e-05,False,0.38862040004378723,70
wavelet-HHH_gldm_GrayLevelNonUniformity,gldm,630,-0.053294519474280426,0.18155750275191537,0.053294519474280426,9.671179883945843e-05,False,0.0,386
log-sigma-5-0-mm-3D_gldm_LowGrayLevelEmphasis,gldm,630,0.05312265689013163,0.18297177239151868,0.05312265689013163,9.671179883945843e-05,False,0.0,235
square_glszm_GrayLevelNonUniformityNormalized,glszm,630,0.04885125078042693,0.22078149286126847,0.04885125078042693,9.671179883945843e-05,False,0.0,425
wavelet-HHL_glszm_ZonePercentage,glszm,630,0.04692437037688333,0.23955442304560753,0.04692437037688333,9.671179883945843e-05,False,0.0,408
gradient_gldm_DependenceEntropy,gldm,630,0.045020330221159734,0.25918085191907236,0.045020330221159734,9.671179883945843e-05,False,0.007384158146416248,216
lbp-3D-m1_glszm_LargeAreaLowGrayLevelEmphasis,glszm,630,0.04435927387510955,0.26624777639242503,0.04435927387510955,9.671179883945843e-05,False,0.057953026723444365,187
log-sigma-5-0-mm-3D_gldm_LargeDependenceLowGrayLevelEmphasis,gldm,630,-0.04377151741137295,0.2726412552750245,0.04377151741137295,9.671179883945843e-05,False,0.0,292
log-sigma-4-0-mm-3D_glszm_SmallAreaEmphasis,glszm,630,0.03858416819532586,0.33359817245595796,0.03858416819532586,9.671179883945843e-05,False,0.0,432
log-sigma-3-0-mm-3D_glcm_Idmn,glcm,630,0.037567471679532054,0.34650207909001873,0.037567471679532054,9.671179883945843e-05,False,0.0,416
wavelet-HHL_glszm_LargeAreaHighGrayLevelEmphasis,glszm,630,0.03525133616637276,0.37706399303835353,0.03525133616637276,9.671179883945843e-05,False,0.0,494
lbp-3D-m2_firstorder_Variance,firstorder,630,-0.03472571869751927,0.38422384252730124,0.03472571869751927,9.671179883945843e-05,False,3.4566597404778046,3
wavelet-LLH_firstorder_InterquartileRange,firstorder,630,0.03339546157405074,0.4027116346226304,0.03339546157405074,9.671179883945843e-05,False,0.05880332622089053,186
wavelet-HHH_glszm_LargeAreaHighGrayLevelEmphasis,glszm,630,-0.03303459288046581,0.4078172160655878,0.03303459288046581,9.671179883945843e-05,False,0.0,497
wavelet-LLH_glcm_SumEntropy,glcm,630,-0.03198139724631834,0.42293627266826866,0.03198139724631834,9.671179883945843e-05,False,0.0,344
log-sigma-5-0-mm-3D_glszm_SizeZoneNonUniformity,glszm,630,0.027025172055960958,0.4983406094987246,0.027025172055960958,9.671179883945843e-05,False,0.0,311
wavelet-LLH_glszm_SizeZoneNonUniformityNormalized,glszm,630,0.025252739530978046,0.5269420693180044,0.025252739530978046,9.671179883945843e-05,False,0.0,427
log-sigma-3-0-mm-3D_glszm_SmallAreaEmphasis,glszm,630,-0.02471010422250649,0.5358626657228474,0.02471010422250649,9.671179883945843e-05,False,0.0007780505024901468,225
lbp-3D-m2_gldm_SmallDependenceHighGrayLevelEmphasis,gldm,630,-0.02252566215359986,0.572523846047561,0.02252566215359986,9.671179883945843e-05,False,0.0,410
gradient_glszm_LargeAreaEmphasis,glszm,630,0.02216202837529118,0.5787400957422187,0.02216202837529118,9.671179883945843e-05,False,0.0,266
wavelet-LLL_glcm_JointEntropy,glcm,630,-0.019875303308739177,0.6185371729650078,0.019875303308739177,9.671179883945843e-05,False,0.0,301
wavelet-HHL_gldm_LargeDependenceEmphasis,gldm,630,-0.017074423306370372,0.6688370004950378,0.017074423306370372,9.671179883945843e-05,False,0.0,328
square_gldm_DependenceEntropy,gldm,630,-0.013367450177158286,0.7377239264906005,0.013367450177158286,9.671179883945843e-05,False,0.0,335
lbp-3D-m2_glcm_JointEntropy,glcm,630,-0.012786908070837318,0.7487223100870757,0.012786908070837318,9.671179883945843e-05,False,0.8288032261357352,37
wavelet-HHL_glcm_Imc2,glcm,630,-0.012226576220133673,0.7593864245807699,0.012226576220133673,9.671179883945843e-05,False,0.0,433
gradient_glrlm_LongRunHighGrayLevelEmphasis,glrlm,630,0.010470697146276464,0.793091955821461,0.010470697146276464,9.671179883945843e-05,False,0.0,383
square_glszm_ZoneEntropy,glszm,630,-0.010266496008951917,0.7970382544141006,0.010266496008951917,9.671179883945843e-05,False,0.0,302
lbp-3D-m1_glrlm_LongRunHighGrayLevelEmphasis,glrlm,630,-0.009642730231446411,0.809124556136563,0.009642730231446411,9.671179883945843e-05,False,0.0,514
gradient_glcm_JointEntropy,glcm,630,0.008903899593256938,0.8234991626038706,0.008903899593256938,9.671179883945843e-05,False,0.0,278
gradient_gldm_DependenceNonUniformityNormalized,gldm,630,0.007147945107998172,0.8578921725195896,0.007147945107998172,9.671179883945843e-05,False,0.2906050968071567,93
lbp-3D-m2_glszm_LowGrayLevelZoneEmphasis,glszm,630,-0.005292363279299655,0.8945299909420307,0.005292363279299655,9.671179883945843e-05,False,0.08242201417778848,172
wavelet-HHL_glcm_Imc1,glcm,630,0.0007261112484601636,0.985488033379579,0.0007261112484601636,9.671179883945843e-05,False,0.0,426
wavelet-LLH_glcm_Imc1,glcm,630,0.00036086869358492384,0.9927874256647564,0.00036086869358492384,9.671179883945843e-05,False,0.16032859840387526,128
