radiomic_feature,simple_feature,simple_label,spearman_rho,spearman_p,n,abs_rho
log-sigma-3-0-mm-3D_glcm_Imc2,dhi,DHI,-0.08525584697476103,0.032668057498686356,628,0.08525584697476103
log-sigma-3-0-mm-3D_glcm_Imc2,delta_peak_si_norm,norm_peak_SI_diff,-0.2843042317210051,3.5314041811879746e-13,630,0.2843042317210051
log-sigma-3-0-mm-3D_glcm_Imc2,disc_csf_mean_ratio,disc_CSF_ratio,0.578030940439395,1.9313252666105747e-57,630,0.578030940439395
log-sigma-3-0-mm-3D_glcm_Imc2,area_mm2,midsag_area,-0.35488048670650546,3.908155687968865e-20,630,0.35488048670650546
log-sigma-3-0-mm-3D_glcm_Imc2,sphericity_2d,sphericity_2d,0.4406394047001224,2.6151475056242823e-31,630,0.4406394047001224
original_shape_Flatness,dhi,DHI,0.3860366294760334,9.485531000820835e-24,628,0.3860366294760334
original_shape_Flatness,delta_peak_si_norm,norm_peak_SI_diff,-0.3038813859599919,6.321948551946011e-15,630,0.3038813859599919
original_shape_Flatness,disc_csf_mean_ratio,disc_CSF_ratio,0.1889350179361945,1.7891217287915362e-06,630,0.1889350179361945
original_shape_Flatness,area_mm2,midsag_area,0.490853217903452,1.6479646525782432e-39,630,0.490853217903452
original_shape_Flatness,sphericity_2d,sphericity_2d,0.8148993985731766,6.872214416236555e-151,630,0.8148993985731766
lbp-3D-m2_firstorder_Variance,dhi,DHI,0.1936054414480578,1.0165995849060374e-06,628,0.1936054414480578
lbp-3D-m2_firstorder_Variance,delta_peak_si_norm,norm_peak_SI_diff,0.17285703892212753,1.2832343535778785e-05,630,0.17285703892212753
lbp-3D-m2_firstorder_Variance,disc_csf_mean_ratio,disc_CSF_ratio,0.032993450750283294,0.40840172993981727,630,0.032993450750283294
lbp-3D-m2_firstorder_Variance,area_mm2,midsag_area,0.3375530959234765,2.967162685738643e-18,630,0.3375530959234765
lbp-3D-m2_firstorder_Variance,sphericity_2d,sphericity_2d,0.12632578176547243,0.0014870865461588693,630,0.12632578176547243
log-sigma-4-0-mm-3D_firstorder_Minimum,dhi,DHI,0.00963417867078709,0.8095888933035796,628,0.00963417867078709
log-sigma-4-0-mm-3D_firstorder_Minimum,delta_peak_si_norm,norm_peak_SI_diff,0.22265342227428297,1.618415649465427e-08,630,0.22265342227428297
log-sigma-4-0-mm-3D_firstorder_Minimum,disc_csf_mean_ratio,disc_CSF_ratio,-0.6494015317607993,1.0003821245121137e-76,630,0.6494015317607993
log-sigma-4-0-mm-3D_firstorder_Minimum,area_mm2,midsag_area,-0.0788923759943854,0.04777815907284494,630,0.0788923759943854
log-sigma-4-0-mm-3D_firstorder_Minimum,sphericity_2d,sphericity_2d,-0.44781295012779626,2.1270033851253973e-32,630,0.44781295012779626
wavelet-LLL_glcm_SumEntropy,dhi,DHI,-0.0782835613388153,0.049892784882795964,628,0.0782835613388153
wavelet-LLL_glcm_SumEntropy,delta_peak_si_norm,norm_peak_SI_diff,-0.15876382791619373,6.269276582987749e-05,630,0.15876382791619373
wavelet-LLL_glcm_SumEntropy,disc_csf_mean_ratio,disc_CSF_ratio,0.7071892014645349,1.251269956957605e-96,630,0.7071892014645349
wavelet-LLL_glcm_SumEntropy,area_mm2,midsag_area,0.276004475960666,1.772293191249244e-12,630,0.276004475960666
wavelet-LLL_glcm_SumEntropy,sphericity_2d,sphericity_2d,0.41215153752683514,3.136786531103232e-27,630,0.41215153752683514
lbp-3D-m2_glcm_DifferenceVariance,dhi,DHI,0.08748295784851191,0.028368446775034195,628,0.08748295784851191
lbp-3D-m2_glcm_DifferenceVariance,delta_peak_si_norm,norm_peak_SI_diff,0.2459242596748622,3.931357859914279e-10,630,0.2459242596748622
lbp-3D-m2_glcm_DifferenceVariance,disc_csf_mean_ratio,disc_CSF_ratio,-0.17182153491285487,1.4482772764426508e-05,630,0.17182153491285487
lbp-3D-m2_glcm_DifferenceVariance,area_mm2,midsag_area,0.277236428835077,1.3996819707838058e-12,630,0.277236428835077
lbp-3D-m2_glcm_DifferenceVariance,sphericity_2d,sphericity_2d,-0.08488895386437915,0.03314595997670178,630,0.08488895386437915
wavelet-LLL_glcm_Correlation,dhi,DHI,-0.10840935975949559,0.0065412976314347835,628,0.10840935975949559
wavelet-LLL_glcm_Correlation,delta_peak_si_norm,norm_peak_SI_diff,-0.1519438603927323,0.00012895960053872684,630,0.1519438603927323
wavelet-LLL_glcm_Correlation,disc_csf_mean_ratio,disc_CSF_ratio,0.7215073467658508,2.459335120618189e-102,630,0.7215073467658508
wavelet-LLL_glcm_Correlation,area_mm2,midsag_area,0.020156035209121133,0.6135875937696328,630,0.020156035209121133
wavelet-LLL_glcm_Correlation,sphericity_2d,sphericity_2d,0.35370964540517846,5.281417100194591e-20,630,0.35370964540517846
log-sigma-5-0-mm-3D_glcm_Correlation,dhi,DHI,-0.03616444223870298,0.36558790813752257,628,0.03616444223870298
log-sigma-5-0-mm-3D_glcm_Correlation,delta_peak_si_norm,norm_peak_SI_diff,-0.1547796066226953,9.589401262549017e-05,630,0.1547796066226953
log-sigma-5-0-mm-3D_glcm_Correlation,disc_csf_mean_ratio,disc_CSF_ratio,0.6017282267729305,2.6269076171621753e-63,630,0.6017282267729305
log-sigma-5-0-mm-3D_glcm_Correlation,area_mm2,midsag_area,0.008622542310493543,0.8289890693500711,630,0.008622542310493543
log-sigma-5-0-mm-3D_glcm_Correlation,sphericity_2d,sphericity_2d,0.30597129773399884,4.039658235903057e-15,630,0.30597129773399884
lbp-3D-m1_glrlm_RunEntropy,dhi,DHI,0.18585821784092124,2.7423379036913787e-06,628,0.18585821784092124
lbp-3D-m1_glrlm_RunEntropy,delta_peak_si_norm,norm_peak_SI_diff,-0.17098356227968486,1.5964258859979084e-05,630,0.17098356227968486
lbp-3D-m1_glrlm_RunEntropy,disc_csf_mean_ratio,disc_CSF_ratio,0.47621781740691027,5.613421637786059e-37,630,0.47621781740691027
lbp-3D-m1_glrlm_RunEntropy,area_mm2,midsag_area,0.5353183660736579,5.316389291859723e-48,630,0.5353183660736579
lbp-3D-m1_glrlm_RunEntropy,sphericity_2d,sphericity_2d,0.6086899860767871,3.991446528054049e-65,630,0.6086899860767871
exponential_gldm_SmallDependenceLowGrayLevelEmphasis,dhi,DHI,-0.12797230400020948,0.0013098594342645586,628,0.12797230400020948
exponential_gldm_SmallDependenceLowGrayLevelEmphasis,delta_peak_si_norm,norm_peak_SI_diff,-0.019319394029791725,0.6283893426617889,630,0.019319394029791725
exponential_gldm_SmallDependenceLowGrayLevelEmphasis,disc_csf_mean_ratio,disc_CSF_ratio,0.12422439180396441,0.0017845686210405636,630,0.12422439180396441
exponential_gldm_SmallDependenceLowGrayLevelEmphasis,area_mm2,midsag_area,-0.7102489073777222,8.076162452068109e-98,630,0.7102489073777222
exponential_gldm_SmallDependenceLowGrayLevelEmphasis,sphericity_2d,sphericity_2d,-0.27421824745263634,2.4902786338083723e-12,630,0.27421824745263634
original_shape_Sphericity,dhi,DHI,0.03600985679434358,0.3676421341979535,628,0.03600985679434358
original_shape_Sphericity,delta_peak_si_norm,norm_peak_SI_diff,-0.24895619353006998,2.352391534560471e-10,630,0.24895619353006998
original_shape_Sphericity,disc_csf_mean_ratio,disc_CSF_ratio,0.4376194858463682,7.38807143390541e-31,630,0.4376194858463682
original_shape_Sphericity,area_mm2,midsag_area,0.3199089823903628,1.8568309354006792e-16,630,0.3199089823903628
original_shape_Sphericity,sphericity_2d,sphericity_2d,0.7718168535013952,1.3163089550737978e-125,630,0.7718168535013952
