feature,mean_abs_shap_all,mean_abs_shap_test,mean_abs_shap_class_1,mean_abs_shap_class_2,mean_abs_shap_class_3,mean_abs_shap_class_4,mean_abs_shap_class_5,importance,importance_rank,feature_class,shap_rank
log-sigma-3-0-mm-3D_glcm_Imc2,0.09446554006631953,0.09224268446836731,0.1330286905515702,0.10222226284580394,0.07518442869247982,0.11578132186660711,0.046110996375137464,4.314790387825903,1,glcm,1
lbp-3D-m2_firstorder_Variance,0.07158164727231434,0.07081347885350213,0.06824193350652484,0.03422510837667122,0.10624453740940026,0.03731484023724754,0.11188181683172742,3.4566597404778046,3,firstorder,2
log-sigma-4-0-mm-3D_firstorder_Minimum,0.06520408201257533,0.06390793312306282,0.09208025168037028,0.07036997209220934,0.038137967387618044,0.06515519832849684,0.060277020574179,3.3362923683811014,4,firstorder,3
original_shape_Flatness,0.06126658913205853,0.06053670705714784,0.03757439747695317,0.03842984433247027,0.048549575438292185,0.03077967528092998,0.15099945313164634,3.555861898259201,2,shape,4
lbp-3D-m2_glcm_DifferenceVariance,0.06053228576441615,0.060146206659397426,0.0961060578250392,0.011633369494591114,0.09596509993285032,0.04418968028818695,0.054767221281417464,2.331368351748674,6,glcm,5
wavelet-LLL_glcm_Correlation,0.05210834038908079,0.04853470922406732,0.06833836038192692,0.05831992014306545,0.018072767960545695,0.09104173876401239,0.02476891469585492,2.2216053708356407,7,glcm,6
wavelet-LLL_glcm_SumEntropy,0.04542918188389019,0.04565836386485469,0.06547155209624611,0.048101402613480254,0.021752928316143557,0.04980870245110157,0.04201132394248147,2.8056355956415238,5,glcm,7
lbp-3D-m2_glcm_ClusterShade,0.04352222637157448,0.04103689756367657,0.07553117466116505,0.03328532770359268,0.031629294838663904,0.05127114172143352,0.025894192933018315,1.4375075534782698,15,glcm,8
lbp-3D-k_glrlm_RunLengthNonUniformity,0.04195549329998058,0.041862298951958705,0.028839135643394548,0.07599518154276219,0.012554405388340703,0.03781078339558886,0.05457796052982017,0.9629203688322844,33,glrlm,9
log-sigma-4-0-mm-3D_glcm_Imc1,0.03950296518465827,0.0399472251963831,0.052869034741656065,0.04583652041596174,0.029005966507860498,0.05494626440823617,0.014857039849579779,1.2073115455437688,20,glcm,10
wavelet-LLH_gldm_LargeDependenceHighGrayLevelEmphasis,0.03944006836295003,0.04096396892114591,0.05688067829350065,0.03635460762368449,0.007624453171928068,0.08505329089521396,0.011287311830422307,1.1190988210038428,25,gldm,11
square_glcm_Correlation,0.03744653966720252,0.03556965698759976,0.08909378455407083,0.005150022863412429,0.0077905641825664765,0.04634968122866322,0.038848645507296206,1.5102533617338438,12,glcm,12
logarithm_glcm_Correlation,0.036999423427483975,0.036987473196690886,0.05013436468071516,0.04174762840675187,0.010959853590497098,0.035383834625933315,0.0467714358335235,1.0931631575208316,26,glcm,13
wavelet-LLL_glcm_Imc2,0.035378212983531825,0.03476731198960056,0.038957905053036125,0.04427241849694346,0.03667919364941239,0.042326657850728755,0.014654889867538311,1.2589311934308223,19,glcm,14
log-sigma-5-0-mm-3D_glcm_MCC,0.035362882807965394,0.03409369060829623,0.03512162869701315,0.034517772746050945,0.01987520596000957,0.06654974249308962,0.020750064143661515,1.120710507801385,24,glcm,15
square_gldm_LowGrayLevelEmphasis,0.03524043640983773,0.033916083293455364,0.0231938618925978,0.03617152526700812,0.02873570386498902,0.05472410087021176,0.033376990154382474,1.475625210905969,13,gldm,16
squareroot_glszm_GrayLevelNonUniformity,0.03352092416623859,0.03248314556857397,0.04141656306002155,0.039404062313274216,0.005910365256242748,0.06859682042085688,0.012276809780797128,0.8974641844762937,34,glszm,17
wavelet-LLH_firstorder_Skewness,0.03321738437955142,0.034881043147168146,0.0295977809293417,0.05290312730882154,0.005534001205473837,0.04953458740312295,0.028517425050997098,0.9798723664988728,32,firstorder,18
logarithm_glcm_ClusterProminence,0.03294500182405315,0.03341271826282313,0.05185900085870394,0.030322069159250686,0.011410292509174974,0.03947502306887405,0.031658623524259216,1.469893403829523,14,glcm,19
lbp-3D-m1_glcm_DifferenceVariance,0.03185193276119265,0.03169874028184372,0.029090938777172646,0.027540861002910907,0.05198638304569095,0.012541939676456868,0.03809954130373145,1.4201766382488645,17,glcm,20
wavelet-LLL_glcm_ClusterShade,0.031578033087809154,0.0307636267060534,0.04636871593646103,0.03239994726213696,0.02243383759319694,0.03317834112566196,0.023509323521591432,1.0545823109380181,28,glcm,21
log-sigma-4-0-mm-3D_glszm_SmallAreaLowGrayLevelEmphasis,0.031151372958172583,0.03392679223006079,0.01094465901398917,0.06848582183479746,0.021171819377255954,0.018555269911646577,0.03659929465317671,0.8025052381115328,38,glszm,22
log-sigma-5-0-mm-3D_glcm_Correlation,0.03097769223323201,0.031050808869277267,0.04682878394982948,0.030615446633252184,0.023256533767264838,0.037294251936554966,0.016893444879258094,1.968961971802148,8,glcm,23
lbp-3D-m1_glrlm_RunEntropy,0.029607116832110543,0.02910853555349308,0.02721836471851283,0.02196107702188655,0.024031107684858374,0.006939567731590478,0.06788546700370665,1.9588436960673874,9,glrlm,24
lbp-3D-k_firstorder_Median,0.02893463815091018,0.03082732832893111,0.02411651182804134,0.037702450963403245,0.011326054656502348,0.048291518937496676,0.023236654369108253,0.6663332542057928,42,firstorder,25
exponential_gldm_SmallDependenceLowGrayLevelEmphasis,0.026903069318075134,0.027667211672310593,0.0052462953684250056,0.012134504983513065,0.03382453174191452,0.016469367574971923,0.06684064692155256,1.734627144750165,10,gldm,26
lbp-3D-k_gldm_LargeDependenceLowGrayLevelEmphasis,0.026764919773498534,0.026743239204421686,0.02315582735820536,0.03322072944237818,0.010540671892435603,0.027758983594147364,0.039148386580326586,1.0340115991567285,29,gldm,27
lbp-3D-k_gldm_LargeDependenceHighGrayLevelEmphasis,0.026709128743509513,0.026739201781102836,0.02013662100660353,0.023021168507421638,0.02089337735607999,0.014379101393472269,0.05511537545396982,1.1842071297691596,21,gldm,28
logarithm_gldm_LargeDependenceHighGrayLevelEmphasis,0.02609801369126258,0.023927563226872752,0.03836493488576556,0.027521114649179924,0.008704442099197844,0.03808044457722902,0.017819132244941523,1.428038927269071,16,gldm,29
original_glcm_MCC,0.025415390617559326,0.02237649267777481,0.02417539418532066,0.021613324987913164,0.012908840581137154,0.050736597545201496,0.01764279578822273,0.6206974129702413,48,glcm,30
gradient_glszm_SizeZoneNonUniformity,0.025012491814528595,0.026301967773343485,0.004895259758333868,0.04225145603481566,0.016185863735841806,0.04598361450340278,0.015746265040249566,0.6655601442746106,43,glszm,31
log-sigma-3-0-mm-3D_glcm_MCC,0.024828666609975604,0.025243058946600273,0.03263516559178432,0.029104345049498343,0.010031887632711827,0.035852508266606575,0.016519426509276083,1.0738408341861996,27,glcm,32
logarithm_firstorder_TotalEnergy,0.024749424473039214,0.024349527313449425,0.029594052014516637,0.03227950916807956,0.01266088488465565,0.030280391810825907,0.01893228448711601,1.408871396566541,18,firstorder,33
lbp-3D-m2_glcm_JointEntropy,0.023693579787169832,0.02261175138980122,0.028990333167834056,0.01587947043481213,0.03413411904290703,0.009062689178530713,0.03040128711176694,0.8288032261357352,37,glcm,34
original_glcm_Imc2,0.023515249037646475,0.02105218364577604,0.022339949283774623,0.022624857586679117,0.014133865402555344,0.0536135807104596,0.004863992204764562,0.6749384141915475,41,glcm,35
original_shape_Sphericity,0.02266749661546923,0.023533651881004168,0.02082217533729616,0.026285546567476538,0.009932107269008988,0.011239423192031516,0.04505823071153363,1.0301130219656107,30,shape,36
logarithm_glcm_ClusterShade,0.0226533288128267,0.023117789751099686,0.015416441712482791,0.03742761281549365,0.006624939625583028,0.03020326948783971,0.023594380422734967,0.5677724250853378,52,glcm,37
lbp-3D-m2_glcm_ClusterProminence,0.022561997970736165,0.024553160135106895,0.042723874054275475,0.005376850601477615,0.040249322388370874,0.014629167419239301,0.009830775390316893,0.6354601602708786,45,glcm,38
lbp-3D-k_gldm_DependenceNonUniformityNormalized,0.02253110912291759,0.02262254051194293,0.017439774307651416,0.015130739148068754,0.023757259351573794,0.007128473640548451,0.049199299166746306,1.6048190390063684,11,gldm,39
original_firstorder_Kurtosis,0.021555441773571476,0.021170724869366674,0.02188107828719061,0.020451299008721016,0.011556227138018373,0.01522377692973677,0.03866482750419309,1.1287397767637146,23,firstorder,40
original_shape_MajorAxisLength,0.020938643760191666,0.020632910180930525,0.020968267418178522,0.02510429932786006,0.006277212412163675,0.01036777482192383,0.04197566482083241,0.8312871808392327,36,shape,41
original_shape_SurfaceArea,0.02085659100531715,0.02126243860730604,0.02315355301436377,0.025697468471591354,0.00615382887662787,0.016824224975629604,0.03245387968837211,0.6603189621583317,44,shape,42
gradient_glszm_GrayLevelNonUniformity,0.020742301329365435,0.020235494670118842,0.012591301921412557,0.03425446069433901,0.005539805932020031,0.025986815992572663,0.02533912210648413,0.6259279315657811,46,glszm,43
lbp-3D-k_glszm_GrayLevelVariance,0.02069977238794771,0.020835528447323358,0.021992051580218053,0.01421613892142977,0.005307670237384992,0.05044577974571094,0.01153722145499444,0.6175344322349526,49,glszm,44
wavelet-LLH_firstorder_Range,0.02046985089347929,0.019113513831005912,0.018239164439554232,0.01473262331948217,0.018201318688108235,0.014324090977174932,0.03685205704307199,0.4785811937676875,59,firstorder,45
log-sigma-3-0-mm-3D_glszm_GrayLevelNonUniformityNormalized,0.0202540637433473,0.020013883215058703,0.016806184696582505,0.03380832208256626,0.008267558710329281,0.011927022678733027,0.03046123054852417,0.5497459391206164,56,glszm,46
lbp-3D-k_glszm_LargeAreaHighGrayLevelEmphasis,0.019751746434917013,0.01883645128306308,0.017345852178324125,0.01738475034099281,0.003479821208094083,0.04589954487919894,0.014648763567975592,1.1744616969252788,22,glszm,47
gradient_firstorder_10Percentile,0.01968471859622058,0.019742876848026215,0.005915274717649432,0.01664437763369217,0.001897692140928679,0.04178150798756152,0.03218474050127254,0.5360076796489468,57,firstorder,48
log-sigma-3-0-mm-3D_glcm_InverseVariance,0.018931035382012067,0.019382590993482503,0.04416781773952571,0.003620078271439503,0.014843839336991045,0.018519885353825007,0.013503556208274701,0.8023824415285749,39,glcm,49
log-sigma-3-0-mm-3D_firstorder_Median,0.018667099452852148,0.01896547161551493,0.018131097952647064,0.01928967644083354,0.009246974238650929,0.016947782179889317,0.02971996645224248,0.5602723371712879,54,firstorder,50
lbp-3D-m2_firstorder_Maximum,0.01862674612702551,0.01771155624601924,0.02828415669589231,0.018462924737844062,0.003125533071502713,0.014950226053238768,0.02831089007664944,0.5740198091034052,50,firstorder,51
lbp-3D-m1_glrlm_RunVariance,0.01862004586699686,0.018542421119055193,0.03867180151494676,0.004274380651478898,0.029486389898619972,0.01281114194230895,0.007856515327630325,0.5226610387708153,58,glrlm,52
exponential_gldm_DependenceVariance,0.018220095921488797,0.017063923894624106,0.017812614994388375,0.013108897038014536,0.015543174982374215,0.0036247607430674412,0.0410110318496,0.8607550094853983,35,gldm,53
lbp-3D-k_firstorder_Range,0.018144790082543525,0.01859376983057472,0.02297585955788321,0.01576553108676049,0.006626947434759528,0.03217028807942869,0.01318532425388575,0.42541064726272393,64,firstorder,54
lbp-3D-k_glrlm_RunEntropy,0.017890760984975225,0.01819399826447773,0.008809425834133928,0.01435392780191869,0.01835773195669177,0.007397721355364692,0.04053499797676486,0.765883748319911,40,glrlm,55
gradient_glcm_Idn,0.017575543142535635,0.017711325668340466,0.018062535017332574,0.00433210697707031,0.02473977132472598,0.022585968331988986,0.01815733406155836,0.38332354960434906,74,glcm,56
wavelet-LHL_firstorder_Median,0.017281568521492364,0.01806318777347379,0.03612379192782165,0.006727976031876768,0.011788221076775572,0.012084038895337849,0.019683814675650287,0.569562513389544,51,firstorder,57
log-sigma-3-0-mm-3D_glcm_ClusterProminence,0.017180321256361937,0.017176519977492578,0.011816791667762254,0.03114267440157395,0.005316800128005624,0.011402281052554924,0.026223059031910325,0.33136141355634136,86,glcm,58
wavelet-HLH_glcm_Imc2,0.01696558061729418,0.016690783940196387,0.005081575066100811,0.004736237478019065,0.019055999059525312,0.013776764903417494,0.04217732657940788,0.9854401305055477,31,glcm,59
log-sigma-4-0-mm-3D_gldm_SmallDependenceLowGrayLevelEmphasis,0.016613325603650357,0.01748417357829375,0.006907735362549762,0.03771513289245978,0.0012558131204370427,0.010032868934506643,0.027155077708299245,0.4712728504293445,60,gldm,60
gradient_glrlm_ShortRunLowGrayLevelEmphasis,0.01640409504153039,0.016542581625447365,0.017045044382311404,0.020029014452125123,0.0025813879672891595,0.02374283935494809,0.018622189050979347,0.35476491257269804,77,glrlm,61
log-sigma-5-0-mm-3D_firstorder_Mean,0.015721391101942685,0.015065627253493962,0.026164443530838605,0.013139034224018208,0.005241460554522335,0.02059299287757343,0.013469024322761257,0.4484958815458865,61,firstorder,62
gradient_glszm_LargeAreaLowGrayLevelEmphasis,0.015715263426887175,0.01589792370307826,0.012528806013605478,0.0015200626819667714,0.021617662068727783,0.017334130678113555,0.02557565569202231,0.4132182872401238,65,glszm,63
lbp-3D-m1_firstorder_Kurtosis,0.015210710195582788,0.015232702541206903,0.01555488304457886,0.021062042431698808,0.0068954222536408635,0.014448179649365386,0.01809302359863078,0.33710988508619544,84,firstorder,64
lbp-3D-m2_glrlm_LongRunLowGrayLevelEmphasis,0.015154337199456988,0.01445350617210429,0.014029277305172881,0.011025456753274473,0.012637279736961953,0.0083102401324124,0.02976943206946335,0.5571471373625297,55,glrlm,65
square_glszm_SmallAreaLowGrayLevelEmphasis,0.014743937190766386,0.01471071512469942,0.035978629689606766,0.00836170363070882,0.007828098783008046,0.015746575728027377,0.0058046781224821336,0.4311787769662799,63,glszm,66
wavelet-LLL_glcm_MCC,0.014415349337735004,0.014454279882275692,0.02122666516062112,0.004454681834745606,0.015349737556765245,0.0205350129864798,0.010510649150061885,0.39766587969349954,69,glcm,67
log-sigma-3-0-mm-3D_firstorder_InterquartileRange,0.014413783812557784,0.013908571714202006,0.012362076893140565,0.023672382638254448,0.005373575924564012,0.018587942307716064,0.01207294129911523,0.6247469186130915,47,firstorder,68
lbp-3D-m2_firstorder_Skewness,0.014311547190789415,0.013889512902137328,0.019349926072416333,0.014301322177862598,0.006136342566131272,0.019887625470988705,0.011882519666549195,0.3846168074774056,72,firstorder,69
wavelet-LLH_glcm_MCC,0.014220424685611568,0.014765623955184614,0.008597589396384069,0.015603984520564681,0.008348533431202124,0.003061948720904923,0.03549006735900103,0.5633240249835898,53,glcm,70
wavelet-LLH_glcm_ClusterProminence,0.014023978361011272,0.012799277429142785,0.0046796390187326285,0.013376807830236748,0.017311021743647056,0.007577963137555223,0.027174460074884513,0.3752096981098317,76,glcm,71
lbp-3D-m1_gldm_LargeDependenceLowGrayLevelEmphasis,0.014019177963634163,0.01417941929014657,0.016915426698618036,0.01697840392028216,0.003325929933472378,0.014732417007786882,0.018143712258013027,0.41123879815583664,66,gldm,72
log-sigma-4-0-mm-3D_glcm_ClusterShade,0.013534255086585803,0.013359188035208787,0.006026349629207931,0.03295391066159673,0.004449142447256296,0.010826303635078917,0.013415569059788444,0.38862040004378723,70,glcm,73
lbp-3D-m2_glcm_MaximumProbability,0.013416438742884274,0.013442966592053497,0.018747615655483833,0.019373130250174862,0.013066479907775489,0.0009198986571922543,0.01497506924379514,0.21455571638116822,112,glcm,74
exponential_glcm_ClusterProminence,0.013114309642679628,0.013119313040526912,0.018846345694702175,0.013418113315056771,0.014219412619798082,0.01850488909748848,0.0005827874863537778,0.2769646116336169,98,glcm,75
lbp-3D-m2_gldm_LargeDependenceEmphasis,0.012489527385442435,0.012424205586542674,0.02339872932887102,0.005995780231585366,0.017419099518280776,0.004102068276512928,0.011531959571961778,0.34574535538427326,79,gldm,76
lbp-3D-k_glszm_GrayLevelNonUniformity,0.012255282605279782,0.012002392832821238,0.023770879174993948,0.0013478221498206273,0.005300567149769372,0.025035805024792055,0.005821339527022408,0.4051914277777492,68,glszm,77
exponential_glrlm_LongRunLowGrayLevelEmphasis,0.012067023021953527,0.012115287742924911,0.01679366825053882,0.005428873077054062,0.012861689929221768,0.01689518132952609,0.008355702523427794,0.2618416265241265,100,glrlm,78
gradient_gldm_DependenceNonUniformityNormalized,0.012008776851820968,0.011975331115973858,0.007932307967523254,0.010004370101510196,0.01867566839142165,0.0038919281014862007,0.019539609697163965,0.2906050968071567,93,gldm,79
log-sigma-3-0-mm-3D_glcm_ClusterShade,0.011679110023698796,0.011730797523201265,0.015586988501492382,0.020083493189465146,0.0028397455985809694,0.010966259731162773,0.008919063097792418,0.2998557207433538,90,glcm,80
wavelet-HHH_glcm_ClusterProminence,0.011525252028274906,0.01242735830284385,0.024251605134738594,0.005167282719281619,0.009663247909163506,0.012433316461998436,0.006110807916192921,0.3332376251353098,85,glcm,81
wavelet-LLH_glszm_LowGrayLevelZoneEmphasis,0.011415217271292787,0.011969104211538994,0.005042155992984914,0.018989520536993657,0.00609292168964848,0.019760646107284407,0.0071908420295523695,0.25030164161981455,102,glszm,82
lbp-3D-m2_glrlm_LongRunEmphasis,0.011284375198385089,0.011232820047220808,0.027308863393756194,0.0029991325505090215,0.01700284217550273,0.0071405323983199384,0.001970505473837495,0.3387703367441302,83,glrlm,83
wavelet-LLH_firstorder_RootMeanSquared,0.011233725828888269,0.011368338614625053,0.015098605636812567,0.009873352583160598,0.007657383497028902,0.015519933092906222,0.008019354334533678,0.24645721864173187,103,firstorder,84
lbp-3D-m1_glszm_HighGrayLevelZoneEmphasis,0.010919033876166481,0.010517037945120149,0.010117515029570246,0.017416071423076062,0.009881513267340379,0.003849978931955608,0.013330090728890128,0.236397555755248,106,glszm,85
lbp-3D-m2_firstorder_Median,0.010914154661593598,0.01054682461104478,0.012958047406184958,0.010795385182695558,0.0036222067557283174,0.007739736644361862,0.019455397318997335,0.30818305343417607,88,firstorder,86
wavelet-LLL_glcm_MaximumProbability,0.010788642882185277,0.010757369004622305,0.013163349953871587,0.013844201410249493,0.0024805464438046438,0.0012126721110102762,0.02324244449199151,0.28935421232872066,94,glcm,87
logarithm_glcm_MaximumProbability,0.010763357899885697,0.01129808692563827,0.010504327505348089,0.010800346289644328,0.006006662689551061,0.013953052942305916,0.01255240007257981,0.2261228084898319,108,glcm,88
wavelet-LLL_firstorder_10Percentile,0.010689522456951645,0.01071494082116424,0.0023821167755610517,0.02008253363022874,0.004259155736588995,0.024129991169387143,0.002593814972992168,0.26962951634429694,99,firstorder,89
gradient_glcm_DifferenceEntropy,0.01065635739582515,0.010856443484420823,0.008796776068780966,0.010163911371700578,0.016476982117862582,0.012485414915561778,0.005358702505219581,0.1968118436316802,115,glcm,90
square_firstorder_10Percentile,0.010637362795949467,0.01038881250477442,0.012606593023674863,0.007879749305866513,0.006107064660332809,0.016810704759053312,0.009782702230820648,0.1247714288623242,143,firstorder,91
original_glcm_DifferenceEntropy,0.010632532777671067,0.010418426159449934,0.016074588680833172,0.008171722389731677,0.004824791951104023,0.01668016526255424,0.0074113956041327745,0.3399992685779147,82,glcm,92
lbp-3D-m1_firstorder_10Percentile,0.01047216074083041,0.009936148576275452,0.00800989103310789,0.010130129715532715,0.008040381103434809,0.0019711266884804846,0.024209275163595424,0.3837141104800351,73,firstorder,93
lbp-3D-k_glcm_ClusterShade,0.010417220806990793,0.01063136171465366,0.009516588774085344,0.004171688178939578,0.01613088425380142,0.020942012223545615,0.0013249306045814268,0.21263132338564755,113,glcm,94
lbp-3D-m1_glcm_JointEntropy,0.01012504221747609,0.010427744086105405,0.005265628661585596,0.007464507603801818,0.01786455471506557,0.005428387498713522,0.01460213260821506,0.1959056901194232,117,glcm,95
gradient_glszm_SizeZoneNonUniformityNormalized,0.010119855029478552,0.010002267983096344,0.01036572112078095,0.013185494018724863,0.0047832937010208925,0.01260471726973099,0.009660049037135106,0.2377150621153913,104,glszm,96
gradient_gldm_LargeDependenceEmphasis,0.009805289298575917,0.00952856404499176,0.006447826224909727,0.008676307124553983,0.012847984868107159,0.0023588273570779848,0.018695500918231314,0.38563865713655454,71,gldm,97
wavelet-LLH_firstorder_10Percentile,0.009759749186388597,0.010007113616671236,0.011611876595927976,0.005894732506192628,0.006892763863850615,0.00924158378156108,0.015157789184410377,0.1838758437298106,122,firstorder,98
exponential_glrlm_RunLengthNonUniformityNormalized,0.009750192315628625,0.009874741794303506,0.01433857370660732,0.006281960678323044,0.002657291920220579,0.001194757320106094,0.02427837795288582,0.3058430247289213,89,glrlm,99
wavelet-LLL_firstorder_Skewness,0.009738787881815,0.010252666206286168,0.01336146053920645,0.009836264624568018,0.020589150223133266,0.0022478451214276943,0.002659218900739498,0.23695735831219075,105,firstorder,100
lbp-3D-m1_glcm_ClusterShade,0.00968555017367307,0.0091364428609786,0.022783982031467215,0.0022172157694043087,0.006692090632523143,0.008526800238349721,0.008207662196621357,0.29735037007380455,91,glcm,101
wavelet-LLL_firstorder_Range,0.009585976843419063,0.009395795008345071,0.018845253655238627,0.005094999977360186,0.010274071293803136,0.008404704009074091,0.0053108552816201115,0.2919041015430595,92,firstorder,102
lbp-3D-k_gldm_DependenceNonUniformity,0.009536930401896081,0.009558010425918992,0.0078010448771635285,0.013185987976517155,0.0016699006392188356,0.009019118854728022,0.016008599661853803,0.13720528259724823,138,gldm,103
log-sigma-5-0-mm-3D_gldm_SmallDependenceLowGrayLevelEmphasis,0.009499083883679307,0.009472597709930882,0.0022550549186927853,0.022542386569442144,0.0020973516231236624,0.009602782676416658,0.010997843630721725,0.214826306152687,111,gldm,104
log-sigma-5-0-mm-3D_gldm_LargeDependenceHighGrayLevelEmphasis,0.009361139089023864,0.009463677929389906,0.018918916503253065,0.0038660633811319544,0.007191219665997667,0.0010117304106516116,0.01581776548408533,0.21529551175805556,110,gldm,105
lbp-3D-m1_gldm_LargeDependenceEmphasis,0.009343134098910884,0.009190467162126873,0.022965422588259083,0.0005186670632557946,0.01338200628445391,0.00014821971644249168,0.009701354842143694,0.23074872830061052,107,gldm,106
wavelet-LLL_glcm_DifferenceEntropy,0.009339465893236951,0.008860237483648354,0.02082261541747988,0.0040312006382127435,0.013682754002183072,0.0057208329834845095,0.0024399264248235754,0.35468069042493783,78,glcm,107
original_glcm_Idn,0.00918546102209858,0.0097501091556766,0.003974338579843713,0.01153251338499795,0.00750971499601839,0.010173641533138163,0.012737096616494177,0.14889105185601384,131,glcm,108
square_gldm_LargeDependenceLowGrayLevelEmphasis,0.009069108533010944,0.00896765795637289,0.011304063056146405,0.0041571378128722886,0.007798374866187458,0.012933829384398172,0.009152137545450332,0.1737408821326366,124,gldm,109
wavelet-LLL_firstorder_Mean,0.00904881855214448,0.008571492813289757,0.007030519534476545,0.014918355629456115,0.0030674396139876966,0.01722646278436796,0.0030013151984332226,0.38211372764178064,75,firstorder,110
wavelet-HHH_glcm_Imc2,0.008945124901799358,0.008766678820038232,0.002679252180343135,0.0006679974196396624,0.009192280476866177,0.00990775378760099,0.022278340644545817,0.4456207132682522,62,glcm,111
log-sigma-4-0-mm-3D_glszm_LowGrayLevelZoneEmphasis,0.008926261390884954,0.009084961643941753,0.0065900125223766325,0.01390104547284826,0.0030476905639080813,0.0018961927266500128,0.019196365668641482,0.2259805721066882,109,glszm,112
original_firstorder_Maximum,0.008569510337254617,0.00788019741244048,0.021423775843136827,0.0009621541315639624,0.006060525336257275,0.013213231736069114,0.001187864639245573,0.34147830830279147,81,firstorder,113
exponential_firstorder_90Percentile,0.008539753858919303,0.008663704293181734,0.0072164175718866935,0.013511646609482912,0.010966600336931573,0.00959207258796768,0.0014120321883265472,0.14554222298734182,133,firstorder,114
gradient_firstorder_Kurtosis,0.008493809500901128,0.008201545250447244,0.01240521198682816,0.00038750505146989216,0.008656269088648971,0.010726755709281863,0.010293305668277276,0.19273819800286884,119,firstorder,115
original_glcm_Contrast,0.008295042101202231,0.0084472596006131,0.01506818386251206,0.005669421390493562,0.00033247863775350526,0.017019955693880283,0.0033851709213718792,0.16274534563313198,127,glcm,116
lbp-3D-k_glcm_DifferenceEntropy,0.008157957714236165,0.010683112748504473,0.013797498925241134,0.017638583470801356,0.001219875516816498,0.0027538266610555224,0.005380003997265717,0.18653949237241116,121,glcm,117
square_firstorder_Kurtosis,0.008117293632729405,0.007232152971195457,0.005965266343465111,0.004403468143694119,0.010257975746138402,0.007701753106070341,0.012258004824278775,0.19164365939277359,120,firstorder,118
lbp-3D-m2_glcm_Imc2,0.008010850732508975,0.007857059347382084,0.019054438570650867,0.0027660318319159037,0.0036490269787458653,0.013612068020611172,0.0009726882606211526,0.19288754871579475,118,glcm,119
wavelet-HHH_glszm_LowGrayLevelZoneEmphasis,0.007820933217597024,0.00814336315742337,0.01370950580663507,0.004640563023384611,0.007900906878964251,0.009834053124523243,0.0030196372544764724,0.18356233988507503,123,glszm,120
lbp-3D-k_glszm_SizeZoneNonUniformity,0.007753178516675564,0.00770447116861301,0.01036296548031957,0.004800185299223076,0.0016352578735302902,0.007384722937838976,0.014582760992465716,0.12584483636445565,141,glszm,121
lbp-3D-k_glszm_ZoneEntropy,0.007613696666421712,0.008009844448311708,0.015552343628241073,0.006403151425795916,0.003931148864003276,0.002488634398254743,0.009693205015813599,0.1962716158914021,116,glszm,122
lbp-3D-k_firstorder_10Percentile,0.007602837121694558,0.0072851763722494335,0.014534289569906537,0.004667127463133389,0.011579882384608678,0.00277719453520923,0.004455691655615062,0.25605906977058296,101,firstorder,123
lbp-3D-m1_glszm_SizeZoneNonUniformity,0.007594432199163665,0.0075695451808241165,0.010173150008167955,0.003965833257502515,0.004847097232238542,0.01311328558955171,0.005872794908357566,0.09565572744618991,163,glszm,124
wavelet-HHH_glcm_Imc1,0.007510492434425285,0.007205018943473205,0.010546587081100943,0.0030267018602479177,0.0024878781486003592,0.0035311143913834622,0.017960180690795066,0.323273197552344,87,glcm,125
log-sigma-4-0-mm-3D_gldm_LargeDependenceEmphasis,0.007507184632381993,0.007519730752424812,0.010803783327983648,0.007377569803038827,0.010769112271693719,0.006428978986063283,0.0021564787731300087,0.04094558922761269,195,gldm,126
log-sigma-3-0-mm-3D_glcm_JointEntropy,0.007311694756931441,0.007122005033948768,0.017608861189306605,0.009259140488331706,0.006679967477779645,0.0016974099818829276,0.0013130946473558626,0.342719159019719,80,glcm,127
lbp-3D-k_firstorder_90Percentile,0.007108134077176827,0.00858721517738135,0.00604856021263219,0.016951656094332395,0.0070715608875881256,0.0008053198540122022,0.0046635733373194856,0.14274451495767596,135,firstorder,128
lbp-3D-m2_gldm_DependenceEntropy,0.007107258030362915,0.006866714621370255,0.0010616052982098962,0.0050771748114575325,0.006320666436235703,0.005347359545990591,0.017729484059920465,0.4056503605305099,67,gldm,129
lbp-3D-m1_glcm_Autocorrelation,0.007081784965320059,0.00719328504281978,0.00848393487314507,0.00796675227090724,0.004044967088491288,0.0012537752692477486,0.013659495324808656,0.27835479817066466,96,glcm,130
squareroot_firstorder_Variance,0.007049021152631104,0.006726632604908622,0.016340786563708003,0.0012817663178695889,0.0066497533194942535,0.004055671079554236,0.006917128482529082,0.2773811689220627,97,firstorder,131
wavelet-HLH_glrlm_LongRunHighGrayLevelEmphasis,0.006880521819772551,0.00665057941702474,0.0065193752267599875,0.011070573922959947,0.00415559767743278,0.011208661480044771,0.0014484007916655529,0.1334895166150717,139,glrlm,132
square_gldm_DependenceNonUniformityNormalized,0.00680322715016322,0.006681343076522587,0.0061585564475308335,0.00045916471916663165,0.008522158672710878,0.016145241231579826,0.0027310146798272556,0.11443785164878613,149,gldm,133
logarithm_glszm_SizeZoneNonUniformityNormalized,0.006766445343152448,0.006481429262318476,0.006171303826550603,0.00913703989265689,0.0004661223557936006,0.016766712546671753,0.0012910480940893432,0.149781277922447,130,glszm,134
original_shape_Elongation,0.006711470293926592,0.006569827694598918,0.006113265765698595,0.011407462527040125,0.006683830877793458,0.006419246136521753,0.0029335461625794043,0.13771871953201323,137,shape,135
lbp-3D-m2_glcm_Idn,0.006679965569759105,0.006352785821839872,0.007193652963813579,0.00017043025190027698,0.011157695960550372,0.005265458876725769,0.009612589795805843,0.14560825265372157,132,glcm,136
wavelet-LLH_gldm_LargeDependenceEmphasis,0.006670669109002208,0.006748946201723101,0.0027075297265765613,0.0023142126490685966,0.00646900476306222,0.0076710384873388,0.014191559918965084,0.2125642466464958,114,gldm,137
wavelet-HHH_gldm_LargeDependenceHighGrayLevelEmphasis,0.006494576544914932,0.006474598330664991,0.0025877664655419488,0.010643694299631523,0.0056051607812819485,0.008043514115463623,0.00559274706265599,0.06686435875552334,179,gldm,138
log-sigma-5-0-mm-3D_glszm_SmallAreaLowGrayLevelEmphasis,0.006477159455895815,0.006233584457078477,0.0007348162337464645,0.01562592862425285,0.003767112558118847,0.008647742156009388,0.003610197707352564,0.11795835878166462,148,glszm,139
wavelet-LHH_glcm_JointEntropy,0.006455604722631759,0.00642711435800395,0.0017177377148165395,0.007091244364675262,0.0049668087773324255,0.010487090641056912,0.008015142115277632,0.07885047166749741,173,glcm,140
gradient_glszm_ZoneEntropy,0.006360485779751142,0.0058345007035911734,0.01050701976925265,0.007782361008337743,0.004929437345316527,0.0039503839699935395,0.004633226805854913,0.13999974483917332,136,glszm,141
original_glszm_LargeAreaEmphasis,0.006344403544353837,0.006295378117245489,0.003978131603759364,0.007696183179192564,0.003840769131617412,0.012076391611105172,0.004130542196094962,0.09999134922422129,159,glszm,142
log-sigma-3-0-mm-3D_glszm_SizeZoneNonUniformity,0.006339297527326513,0.005346708121273068,0.015354368215637085,0.006555161221238656,0.000594218832664511,0.0009052343726662975,0.008287504994426579,0.28099754701257496,95,glszm,143
wavelet-HHH_glcm_JointEntropy,0.006335168751351955,0.006511387293201628,0.012914887505472554,0.004884227002635432,0.0029230343729072313,0.004322206938492593,0.006631487937251282,0.09338934589163794,165,glcm,144
lbp-3D-k_glszm_HighGrayLevelZoneEmphasis,0.0062556700188089506,0.006138093408780036,0.006747769373848751,0.00855270889678683,0.0005640475538138971,0.010461324096342456,0.004952500173252985,0.12546155739622125,142,glszm,145
log-sigma-3-0-mm-3D_gldm_LargeDependenceHighGrayLevelEmphasis,0.0062049628955941636,0.006430252947839152,0.00252238663810035,0.009987519474117088,0.00664580029886113,0.005932740041615498,0.005936368025276612,0.12684397069109596,140,gldm,146
exponential_firstorder_Maximum,0.00614349224152101,0.005691056046897148,0.0023274128286248255,0.010512470160493574,0.006006765953044203,0.009351964650758828,0.0025188476146842938,0.1200856720890553,146,firstorder,147
lbp-3D-m2_glszm_LargeAreaLowGrayLevelEmphasis,0.006081989429586131,0.0060902825223449406,0.006529731271812413,0.004302012095211594,0.0030820427290230755,0.0024346939243916742,0.014061467127492398,0.10417469397119339,155,glszm,148
wavelet-HHH_firstorder_InterquartileRange,0.006008307652443483,0.006724433527420661,0.010942736184509748,0.003214401845309146,0.001524936494567589,0.007155709352526727,0.007203754385304425,0.1509456695424607,129,firstorder,149
wavelet-LLH_glcm_Imc1,0.0059922688950701936,0.005892649900930174,0.006863481699700917,0.0036839681187403805,0.0041545742233800005,0.0013733851663210585,0.013885935267207886,0.16032859840387526,128,glcm,150
logarithm_firstorder_Mean,0.0059915158472783015,0.006250026879595488,0.002150924512859279,0.012127717172789383,0.005952870071447515,0.006874995033889281,0.0028510724454065954,0.07069533465106269,176,firstorder,151
wavelet-HHH_glcm_Idn,0.005712351688075129,0.005837989835128867,0.004431948657886031,0.014280879220188007,0.0012894458645817018,0.00460169712968945,0.003957787568030662,0.07797766578509623,174,glcm,152
lbp-3D-k_glrlm_HighGrayLevelRunEmphasis,0.005558005305326691,0.00596079367586546,0.003228773330081874,0.009521178554582658,0.001145061378652183,0.013272138959075848,0.0006228743042406068,0.11176781003370914,152,glrlm,153
log-sigma-5-0-mm-3D_glcm_ClusterShade,0.005384093272244147,0.005511872226252001,0.007234983259261989,0.005988119644916245,0.003974915030514507,0.005636293161152312,0.004086155265376199,0.14289572530623423,134,glcm,154
wavelet-LLL_gldm_LargeDependenceEmphasis,0.00512448098655472,0.004756285887794808,0.009683756230020784,0.003519867026691148,0.006089064582479755,0.005560455190448501,0.0007692619031332969,0.12233776293176533,144,gldm,155
log-sigma-5-0-mm-3D_firstorder_Skewness,0.004794267853341488,0.005492867281272875,0.007684043704680033,0.004301625928673462,0.007120068588657754,0.002532695695563203,0.0023329053491325724,0.10383561084672377,156,firstorder,156
original_gldm_LargeDependenceLowGrayLevelEmphasis,0.004790918783506635,0.004805209570150679,0.003853162196084344,0.004328754958438164,0.006907699337596208,0.007888642822884848,0.0009763346025294933,0.06477439931053404,180,gldm,157
wavelet-LLH_glcm_Idn,0.004734721781751839,0.00459987731402291,0.00878920467953262,0.002976244975777912,0.002790144337178757,0.00806450243393357,0.0010535124823358145,0.11206907986762207,151,glcm,158
wavelet-LHH_firstorder_Maximum,0.0046762155382923005,0.0046786968490538094,0.0051730805308842645,0.006423829929000394,0.0006429185803957423,0.004670653168739612,0.00647059548244127,0.1098402124445839,153,firstorder,159
wavelet-HHH_gldm_SmallDependenceLowGrayLevelEmphasis,0.004648001476675076,0.004156783500477549,0.0011698652477423784,0.009723808148382227,0.006658953925136684,0.0018961955433051273,0.0037911845188083834,0.07010648671502609,177,gldm,160
lbp-3D-m1_glcm_Imc2,0.0046236858767550815,0.00470704444705987,0.0009410746068187972,0.006580759279114721,0.00403738080595406,0.007254204574889478,0.0043050101169980395,0.03659179171125427,196,glcm,161
log-sigma-3-0-mm-3D_firstorder_90Percentile,0.004575756691208544,0.004415240960267885,0.006679668884773501,0.002836496924859559,0.0019232259183880524,0.004209616960115188,0.007229774767905895,0.09592343551004176,162,firstorder,162
log-sigma-3-0-mm-3D_glszm_ZoneEntropy,0.0042608336012589345,0.004094838967081633,0.008597119626301514,0.0014555653254301128,0.0020490346041487474,0.0019807834022160646,0.007221665048198331,0.0989553815204323,160,glszm,163
wavelet-LHL_glszm_LowGrayLevelZoneEmphasis,0.004234603647233482,0.004175204561456836,0.003862288538283473,0.004948855134334209,0.00344152953693366,0.003505427923112734,0.005414917103502999,0.10527179335068196,154,glszm,164
wavelet-HHH_glszm_LargeAreaLowGrayLevelEmphasis,0.004207052834539622,0.004051043358679094,0.0019900000969419076,0.0021008611029601776,0.00577343726435394,0.003803225924531249,0.007367739783910809,0.16934973571108994,125,glszm,165
square_firstorder_Minimum,0.004103301048207552,0.004073477838872413,0.0024989837526272433,0.003511702504522796,0.004304615014742072,0.006064693418981033,0.004136510550165019,0.059807123208982946,184,firstorder,166
log-sigma-3-0-mm-3D_glszm_LargeAreaEmphasis,0.004074576912066908,0.004297905659567292,0.007237970717944336,0.0025393237804044798,0.006394097217179016,0.002171626148872522,0.0020298666959342837,0.11207449148311728,150,glszm,167
squareroot_firstorder_Kurtosis,0.004061213368394688,0.0038325800440989805,0.00914365833731088,0.0007207795738229013,0.004228622437990313,0.0010938627150903083,0.005119143777759294,0.09627115845915239,161,firstorder,168
original_glrlm_LongRunLowGrayLevelEmphasis,0.003962161835299199,0.003744216309062826,0.006023055628096224,0.0009738792313510867,0.006614902989746589,0.002845769590534645,0.0033532017367673534,0.11865134737773901,147,glrlm,169
wavelet-LHH_firstorder_RootMeanSquared,0.0038309391376478005,0.0035686849859648505,0.0027768272020616516,0.002790901480908018,0.006539075557747777,0.00026144508430996213,0.006786446363211804,0.054209826444126794,190,firstorder,170
wavelet-HHH_firstorder_Variance,0.003734205047249634,0.004010562025802831,0.006690556867739893,0.002977872894033944,0.0021334524589286374,0.005189821918408069,0.0016793210971381167,0.12048366916605105,145,firstorder,171
wavelet-HLL_firstorder_Skewness,0.0036043519974895515,0.003889763313075409,0.006959790131241937,0.005959170953872614,0.001532699211870092,0.002324475129302941,0.0012456245611600528,0.06437535850486258,181,firstorder,172
log-sigma-5-0-mm-3D_glrlm_LongRunHighGrayLevelEmphasis,0.003521521201550436,0.003426791839566788,0.008693813515503648,0.00014140714753978667,0.0036515150695534213,0.0027823631594028333,0.0023385071157526883,0.10219869471465719,157,glrlm,173
logarithm_glcm_MCC,0.0034535348759322623,0.0029316514166898414,0.003766989470664458,0.0003079406190467671,0.003816843856687797,0.008566151717623613,0.0008097487156386343,0.05571398065809693,188,glcm,174
log-sigma-5-0-mm-3D_firstorder_Maximum,0.003424199366508003,0.0028239779848171615,0.0064829572227083415,0.0023031138304108034,0.001073210351056145,0.0052781379654590595,0.0019835774629060896,0.1682411440466928,126,firstorder,175
lbp-3D-m2_glszm_LowGrayLevelZoneEmphasis,0.0033311399515024744,0.003528871987548558,0.004681336124475702,0.004708792017830726,0.001582638449457936,0.0034213546758650624,0.002261578489882754,0.08242201417778848,172,glszm,176
lbp-3D-k_glcm_Correlation,0.0033162616144419917,0.003144519813904899,0.004141364929252409,0.0035529423414325583,0.00033950997597005417,0.008162724727170941,0.0003847660983840834,0.05954444094141934,185,glcm,177
lbp-3D-m1_glszm_LargeAreaLowGrayLevelEmphasis,0.0031732173083742414,0.0032313276086369806,0.0047597512980433,0.0017698605728930412,0.0025177120670157485,0.0013888248237709333,0.005429937780148107,0.057953026723444365,187,glszm,178
lbp-3D-m2_glszm_HighGrayLevelZoneEmphasis,0.0030236255765771153,0.0031279229835347376,0.005640901335930566,0.001918162605511872,0.0012714586358561339,0.0034724777927041045,0.002815127512882346,0.05030249503985473,192,glszm,179
log-sigma-3-0-mm-3D_gldm_DependenceNonUniformity,0.0029606615839731566,0.0027518490355762306,0.005531792380451598,0.0038955712551201355,0.0018698615794814383,0.0010652875170202379,0.002440795187792566,0.06031023845885897,182,gldm,180
log-sigma-3-0-mm-3D_glcm_MaximumProbability,0.0029604368111835625,0.0032251243314597713,0.00688873987004455,0.001185302568769259,0.0015918276678049874,0.002672629667989125,0.0024636842813102033,0.10079733912318128,158,glcm,181
wavelet-HLL_glszm_ZonePercentage,0.0029454896844008194,0.0026963607796875767,0.004241599814840843,0.0019665616114272117,0.0014420054424976922,0.001680118953663384,0.005397162599574913,0.08668578354972127,170,glszm,182
logarithm_gldm_SmallDependenceLowGrayLevelEmphasis,0.0029082371385819867,0.0034301983319615817,0.0034056139661522876,0.0019226182074533408,0.007104234390757162,0.0013619671064868503,0.0007467520220599976,0.09155361710966266,167,gldm,183
wavelet-LLL_gldm_DependenceNonUniformityNormalized,0.002825263014409578,0.0028092063537306362,0.002417852441264508,0.004795053368609991,0.001103655272940346,0.002280097521633614,0.003529656467599497,0.08793717000819784,169,gldm,184
square_firstorder_Skewness,0.002799045750434636,0.0028244909642361443,0.003955791519106108,0.002764915336805939,0.0013888160286312662,0.0033089017865048083,0.0025768040811248692,0.09169275388049593,166,firstorder,185
wavelet-HLH_glcm_MCC,0.0027708988531055774,0.002478879416637921,0.002138460666725806,0.004495780591771988,0.002354288113384623,0.0029569258383499836,0.001909039055295305,0.07504755509776916,175,glcm,186
wavelet-LLH_firstorder_InterquartileRange,0.0026185375187653417,0.002482803111233942,0.004984088399868896,0.000280449069882962,0.0012818063271613645,0.0033208969607546844,0.0032254468361585433,0.05880332622089053,186,firstorder,187
log-sigma-4-0-mm-3D_firstorder_Maximum,0.0025958609567175318,0.001507033714357627,0.0016567951302319192,0.006457183826090239,0.0010761839298454774,0.0025825685930215875,0.0012065733043979713,0.06760338885323777,178,firstorder,188
wavelet-HLH_glrlm_RunEntropy,0.0025832363616135456,0.002444202104081022,0.004939731502581572,0.0015183594014522184,0.0014718857537048984,0.0029673781150239076,0.002018827035304983,0.0556556341246096,189,glrlm,189
exponential_glrlm_RunVariance,0.0025440408660962945,0.002324542523934889,0.00044167323460684693,0.003388070632380191,0.002831378952031852,0.0036363946644308053,0.0024226868470315303,0.03500382695718076,198,glrlm,190
lbp-3D-k_firstorder_Kurtosis,0.0021522922066936965,0.0030124204522167064,0.0029846407630507088,0.002713843694480167,0.0006985937912702643,0.0020248240431004396,0.0023395587415670485,0.032419918511576114,200,firstorder,191
lbp-3D-m2_firstorder_Kurtosis,0.0021141689367682,0.002050981966247706,0.0012238256127324904,0.003142775018774537,0.0009817023806770013,0.0013097576551449604,0.003912784016512198,0.09550733349117162,164,firstorder,192
lbp-3D-k_glszm_ZoneVariance,0.0019411447474289927,0.0016964614537337734,0.0009546258034082138,0.0020859958822373337,0.0048195914242595535,0.000971396143143995,0.0008741144840958905,0.03009326317409072,202,glszm,193
log-sigma-4-0-mm-3D_gldm_LargeDependenceLowGrayLevelEmphasis,0.0018810654202832773,0.0018819385542975745,0.00468791372172766,0.0008576965081326648,0.0026786606347957874,0.0004485126532276362,0.0007325435835328624,0.05187810559029908,191,gldm,194
wavelet-LLL_glcm_Contrast,0.0018801942199768503,0.0016097001209274863,0.004405144460219637,0.00012549684397462693,0.0022942823733047993,0.0002974698467708279,0.0022785775756139458,0.08844309914840862,168,glcm,195
lbp-3D-m1_glszm_SmallAreaLowGrayLevelEmphasis,0.0018530956436300665,0.0016564231350911316,0.0015499267816040606,0.0036065059200767143,0.001031774709376973,0.0013848368776006165,0.0016924339294917972,0.036114634893757415,197,glszm,196
gradient_firstorder_Maximum,0.001849955946001371,0.0019372194627580953,0.0015606143969357034,0.004274298324363915,0.0003498758769103929,0.0018129066309398615,0.0012520845008566716,0.04348438665743588,193,firstorder,197
wavelet-HLH_glszm_LowGrayLevelZoneEmphasis,0.001770990584603032,0.0014043086450644803,0.004091481427579928,0.001567635974902769,0.001065254886466648,0.0007763665138395292,0.0013542141202263535,0.08454514555703649,171,glszm,198
wavelet-HLH_glszm_ZonePercentage,0.0017336376297371402,0.0015833752939288725,0.0038386696257966127,0.0010051141394875713,0.000986036843464358,0.0016649417530307047,0.00117342578690672,0.059983910523454906,183,glszm,199
wavelet-HHH_glcm_MCC,0.0015815291478973414,0.001863597594012455,0.0018227223586496598,0.0037154370585338477,0.0010020535496946756,0.001008813158772182,0.0003586196138362206,0.042377358864356,194,glcm,200
gradient_glcm_ClusterProminence,0.0015353171445323904,0.00157435299011895,0.0009157723605926128,0.002488315167514035,0.000851173050990825,0.0020474901758178623,0.001373834967746622,0.025247205544569502,204,glcm,201
logarithm_gldm_LowGrayLevelEmphasis,0.0013006809108345623,0.0015665028626170748,0.0014345581633646897,0.0013115872445900228,0.003234724939141422,0.00039685593200532203,0.00012567827507148246,0.030316307404018392,201,gldm,202
wavelet-HLH_glcm_ClusterProminence,0.0012840594318382092,0.001108350011657137,0.0032014415849172828,7.000016973045867e-05,0.0011182689629722026,0.0013984553766325037,0.0006321310649385286,0.03297093184744949,199,glcm,203
square_glcm_Idn,0.0012149210078272836,0.002676860113187267,8.220094891615181e-05,0.0003521838701793965,0.0029591083295345518,0.00038986451366333644,0.002291247376843041,0.021207512380363353,206,glcm,204
wavelet-LLH_firstorder_Entropy,0.0010638109175539947,0.0008840950088003449,0.00011950587566244326,0.00011539117317651064,0.0004432872374364663,0.0025398157939169295,0.0021010545075776004,0.025061746167217475,205,firstorder,205
log-sigma-3-0-mm-3D_firstorder_Maximum,0.0009245680298268144,0.0005011883927092925,0.0009353386301284339,0.0021003702103487157,0.0005591782229736952,0.0005688337035555526,0.0004591193821275798,0.025777236408325844,203,firstorder,206
gradient_glcm_Correlation,0.0008208947554675895,0.0009893681470043967,0.0012679423920333537,0.0005613363428787129,0.0010883549712956534,0.0004145060444111516,0.00077233402671907,0.01613615016854622,208,glcm,207
squareroot_glrlm_LongRunLowGrayLevelEmphasis,0.0007875788120201839,0.0007474581878959033,0.0009990196474398121,0.0006311294420228966,0.0019667441673113773,0.00020504851421276456,0.00013595228911404762,0.021013038119718726,207,glrlm,208
gradient_gldm_DependenceNonUniformity,0.0006566636752314993,0.0006995836932444354,0.0003594313137606777,0.001641659188078772,0.0004684605808438763,0.0004470705059324152,0.00036669678754178186,0.01608362035646274,209,gldm,209
wavelet-HLL_glrlm_LongRunHighGrayLevelEmphasis,0.0006562645249993513,0.0010241973055228617,0.0011898881804921155,0.00018128601972071658,0.00026927329934147706,0.001415051514249723,0.00022582361119282372,0.01314390135148507,210,glrlm,210
log-sigma-3-0-mm-3D_gldm_LargeDependenceLowGrayLevelEmphasis,0.0005279918581966562,0.0011047274543698586,0.0004101454470914732,0.0002472189065211286,0.0012208011947583738,0.0003445808700678669,0.0004172128725444474,0.010489816156732022,213,gldm,211
wavelet-HLL_glrlm_LongRunLowGrayLevelEmphasis,0.0005257651467308431,0.0007598473967038023,0.000768190875675031,0.0002842153883546716,0.00027110564769953826,0.0011508906728925575,0.00015442314903235083,0.009687333123415477,214,glrlm,212
wavelet-LHH_glszm_ZoneEntropy,0.0004786253777006498,0.00020671685209571735,8.268414268991378e-05,0.00039683552152020073,0.00015910178857838256,0.001196563444251631,0.0005579419914631389,0.008360432176762682,215,glszm,213
wavelet-HHH_glrlm_LongRunHighGrayLevelEmphasis,0.0003524881249776842,0.00015360932966084216,0.0001460234694897169,0.0003729578716573837,0.00042663146376020175,0.00045458884868397853,0.00036223897129707876,0.005003979285043072,217,glrlm,214
log-sigma-5-0-mm-3D_glszm_LowGrayLevelZoneEmphasis,0.0003363606606920506,0.00040386395743947576,0.0006382120942399853,0.0003002700646805306,0.00025811312176130723,0.0001449082502420802,0.0003402997725363479,0.012933765119414232,211,glszm,215
gradient_gldm_DependenceEntropy,0.0003338995851247293,0.00030378361528589744,8.66196052728951e-05,0.0008347489628118209,0.0002939294176626817,0.00025632625920784776,0.00019787368066839637,0.007384158146416248,216,gldm,216
logarithm_glszm_SmallAreaLowGrayLevelEmphasis,0.00032194793033923024,0.0004070315391338063,0.0002189943499415559,0.0006804913441468985,0.0003645141674418431,0.0001244408476766976,0.00022129894248918897,0.011031824244570552,212,glszm,217
lbp-3D-m1_gldm_DependenceNonUniformity,0.00029408772962821283,0.00014225891374754194,0.0001060781784655903,0.00019528719198859862,0.0006806620437130918,0.00042140432889356056,6.700690508021037e-05,0.004935458412444879,218,gldm,218
wavelet-LHL_glcm_Correlation,0.00018813230750132893,0.00021573478429002133,5.842214684354987e-05,7.370999511033487e-05,0.0001640351705808735,0.00039662077364297426,0.00024787345132888726,0.00339939414341928,220,glcm,219
wavelet-HLH_glcm_ClusterShade,0.0001543466655156403,0.00025367016198209056,3.5813683335652234e-05,4.1885226635605725e-05,0.00030816775381785013,0.00014881453219454043,0.00023705213159456908,0.001338251820440761,223,glcm,220
log-sigma-5-0-mm-3D_firstorder_TotalEnergy,0.00010385292974111941,0.00012225471723143798,6.349168568502465e-05,0.00011689084540190743,8.990648152793492e-05,3.491740567096517e-05,0.00021405823041976412,0.004419497063601723,219,firstorder,221
gradient_firstorder_Minimum,0.00010217534747039605,5.04148538503886e-05,5.66351877581027e-05,0.00016658243052664312,0.0002554383686759892,1.7784172585748936e-05,1.4436577805491763e-05,0.0021430030869406718,221,firstorder,222
wavelet-HLH_firstorder_RootMeanSquared,8.937607574561226e-05,3.59903132897227e-05,1.611764646696293e-05,4.196141994286306e-06,1.4326427550012895e-05,0.0002196645842353126,0.00019257557848147798,0.001861507172601129,222,firstorder,223
log-sigma-3-0-mm-3D_glszm_SmallAreaEmphasis,8.677897851882662e-05,0.0001261269889125924,6.66076857318438e-06,6.255210409539626e-05,6.568076942785614e-05,0.00021694744629706373,8.205380420062803e-05,0.0007780505024901468,225,glszm,224
lbp-3D-m1_glszm_SmallAreaHighGrayLevelEmphasis,7.496829963514733e-05,3.2259246810785084e-05,1.4537681601753683e-05,2.9615940682484093e-05,0.00013437767881365842,0.00018742074908786863,8.889447989973764e-06,0.0013166010497370957,224,glszm,225
log-sigma-4-0-mm-3D_gldm_DependenceNonUniformityNormalized,0.0,0.0,0.0,0.0,0.0,0.0,0.0,0.0,226,gldm,226
square_firstorder_Variance,0.0,0.0,0.0,0.0,0.0,0.0,0.0,0.0,227,firstorder,227
wavelet-LLL_gldm_LargeDependenceHighGrayLevelEmphasis,0.0,0.0,0.0,0.0,0.0,0.0,0.0,0.0,491,gldm,228
wavelet-LHL_gldm_SmallDependenceLowGrayLevelEmphasis,0.0,0.0,0.0,0.0,0.0,0.0,0.0,0.0,229,gldm,229
original_firstorder_TotalEnergy,0.0,0.0,0.0,0.0,0.0,0.0,0.0,0.0,230,firstorder,230
wavelet-LHH_gldm_LargeDependenceLowGrayLevelEmphasis,0.0,0.0,0.0,0.0,0.0,0.0,0.0,0.0,231,gldm,231
wavelet-HHH_glcm_JointEnergy,0.0,0.0,0.0,0.0,0.0,0.0,0.0,0.0,232,glcm,232
wavelet-HLL_glcm_MaximumProbability,0.0,0.0,0.0,0.0,0.0,0.0,0.0,0.0,233,glcm,233
log-sigma-3-0-mm-3D_glszm_LowGrayLevelZoneEmphasis,0.0,0.0,0.0,0.0,0.0,0.0,0.0,0.0,234,glszm,234
log-sigma-5-0-mm-3D_gldm_LowGrayLevelEmphasis,0.0,0.0,0.0,0.0,0.0,0.0,0.0,0.0,235,gldm,235
lbp-3D-m1_gldm_LargeDependenceHighGrayLevelEmphasis,0.0,0.0,0.0,0.0,0.0,0.0,0.0,0.0,453,gldm,236
wavelet-LHH_firstorder_Range,0.0,0.0,0.0,0.0,0.0,0.0,0.0,0.0,238,firstorder,237
wavelet-HHH_glszm_LargeAreaEmphasis,0.0,0.0,0.0,0.0,0.0,0.0,0.0,0.0,239,glszm,238
wavelet-LHL_glcm_MCC,0.0,0.0,0.0,0.0,0.0,0.0,0.0,0.0,240,glcm,239
gradient_glszm_SmallAreaLowGrayLevelEmphasis,0.0,0.0,0.0,0.0,0.0,0.0,0.0,0.0,241,glszm,240
lbp-3D-m1_glcm_InverseVariance,0.0,0.0,0.0,0.0,0.0,0.0,0.0,0.0,242,glcm,241
wavelet-LHL_glcm_Idn,0.0,0.0,0.0,0.0,0.0,0.0,0.0,0.0,243,glcm,242
log-sigma-5-0-mm-3D_glszm_GrayLevelNonUniformityNormalized,0.0,0.0,0.0,0.0,0.0,0.0,0.0,0.0,268,glszm,243
lbp-3D-k_gldm_SmallDependenceHighGrayLevelEmphasis,0.0,0.0,0.0,0.0,0.0,0.0,0.0,0.0,486,gldm,244
log-sigma-4-0-mm-3D_glcm_Idn,0.0,0.0,0.0,0.0,0.0,0.0,0.0,0.0,246,glcm,245
wavelet-HHL_glcm_Correlation,0.0,0.0,0.0,0.0,0.0,0.0,0.0,0.0,247,glcm,246
wavelet-LHH_glcm_Imc2,0.0,0.0,0.0,0.0,0.0,0.0,0.0,0.0,248,glcm,247
wavelet-LHH_glszm_LargeAreaLowGrayLevelEmphasis,0.0,0.0,0.0,0.0,0.0,0.0,0.0,0.0,249,glszm,248
wavelet-LHH_glcm_Idn,0.0,0.0,0.0,0.0,0.0,0.0,0.0,0.0,251,glcm,249
gradient_glcm_JointEnergy,0.0,0.0,0.0,0.0,0.0,0.0,0.0,0.0,485,glcm,250
gradient_glszm_LowGrayLevelZoneEmphasis,0.0,0.0,0.0,0.0,0.0,0.0,0.0,0.0,253,glszm,251
exponential_gldm_DependenceNonUniformityNormalized,0.0,0.0,0.0,0.0,0.0,0.0,0.0,0.0,254,gldm,252
log-sigma-5-0-mm-3D_gldm_DependenceNonUniformityNormalized,0.0,0.0,0.0,0.0,0.0,0.0,0.0,0.0,255,gldm,253
logarithm_glcm_Idn,0.0,0.0,0.0,0.0,0.0,0.0,0.0,0.0,256,glcm,254
lbp-3D-m1_glcm_Correlation,0.0,0.0,0.0,0.0,0.0,0.0,0.0,0.0,257,glcm,255
wavelet-HHH_glszm_SizeZoneNonUniformityNormalized,0.0,0.0,0.0,0.0,0.0,0.0,0.0,0.0,258,glszm,256
wavelet-HHL_glszm_SizeZoneNonUniformityNormalized,0.0,0.0,0.0,0.0,0.0,0.0,0.0,0.0,259,glszm,257
lbp-3D-m1_glszm_ZonePercentage,0.0,0.0,0.0,0.0,0.0,0.0,0.0,0.0,260,glszm,258
lbp-3D-m2_glcm_InverseVariance,0.0,0.0,0.0,0.0,0.0,0.0,0.0,0.0,261,glcm,259
log-sigma-3-0-mm-3D_glrlm_LongRunHighGrayLevelEmphasis,0.0,0.0,0.0,0.0,0.0,0.0,0.0,0.0,262,glrlm,260
gradient_gldm_LargeDependenceHighGrayLevelEmphasis,0.0,0.0,0.0,0.0,0.0,0.0,0.0,0.0,263,gldm,261
gradient_firstorder_Variance,0.0,0.0,0.0,0.0,0.0,0.0,0.0,0.0,264,firstorder,262
wavelet-HLH_firstorder_Variance,0.0,0.0,0.0,0.0,0.0,0.0,0.0,0.0,265,firstorder,263
gradient_glszm_LargeAreaEmphasis,0.0,0.0,0.0,0.0,0.0,0.0,0.0,0.0,266,glszm,264
square_gldm_LargeDependenceHighGrayLevelEmphasis,0.0,0.0,0.0,0.0,0.0,0.0,0.0,0.0,267,gldm,265
lbp-3D-m2_glszm_ZonePercentage,0.0,0.0,0.0,0.0,0.0,0.0,0.0,0.0,237,glszm,266
wavelet-HLL_glszm_GrayLevelNonUniformity,0.0,0.0,0.0,0.0,0.0,0.0,0.0,0.0,516,glszm,267
wavelet-HLL_firstorder_Median,0.0,0.0,0.0,0.0,0.0,0.0,0.0,0.0,508,firstorder,268
wavelet-LHH_glszm_LargeAreaEmphasis,0.0,0.0,0.0,0.0,0.0,0.0,0.0,0.0,269,glszm,269
square_firstorder_RobustMeanAbsoluteDeviation,0.0,0.0,0.0,0.0,0.0,0.0,0.0,0.0,270,firstorder,270
wavelet-LHH_glszm_GrayLevelNonUniformity,0.0,0.0,0.0,0.0,0.0,0.0,0.0,0.0,271,glszm,271
wavelet-HHH_glszm_GrayLevelNonUniformity,0.0,0.0,0.0,0.0,0.0,0.0,0.0,0.0,272,glszm,272
wavelet-HHL_glszm_GrayLevelNonUniformity,0.0,0.0,0.0,0.0,0.0,0.0,0.0,0.0,273,glszm,273
wavelet-HLH_glszm_GrayLevelNonUniformity,0.0,0.0,0.0,0.0,0.0,0.0,0.0,0.0,274,glszm,274
lbp-3D-m2_firstorder_Minimum,0.0,0.0,0.0,0.0,0.0,0.0,0.0,0.0,275,firstorder,275
wavelet-LLL_firstorder_Kurtosis,0.0,0.0,0.0,0.0,0.0,0.0,0.0,0.0,276,firstorder,276
log-sigma-5-0-mm-3D_glcm_JointEntropy,0.0,0.0,0.0,0.0,0.0,0.0,0.0,0.0,277,glcm,277
gradient_glcm_JointEntropy,0.0,0.0,0.0,0.0,0.0,0.0,0.0,0.0,278,glcm,278
lbp-3D-m1_glrlm_HighGrayLevelRunEmphasis,0.0,0.0,0.0,0.0,0.0,0.0,0.0,0.0,279,glrlm,279
lbp-3D-m2_firstorder_Range,0.0,0.0,0.0,0.0,0.0,0.0,0.0,0.0,280,firstorder,280
square_glcm_DifferenceAverage,0.0,0.0,0.0,0.0,0.0,0.0,0.0,0.0,281,glcm,281
exponential_glszm_ZoneEntropy,0.0,0.0,0.0,0.0,0.0,0.0,0.0,0.0,282,glszm,282
log-sigma-3-0-mm-3D_firstorder_Kurtosis,0.0,0.0,0.0,0.0,0.0,0.0,0.0,0.0,283,firstorder,283
logarithm_glcm_SumEntropy,0.0,0.0,0.0,0.0,0.0,0.0,0.0,0.0,284,glcm,284
lbp-3D-m1_firstorder_Median,0.0,0.0,0.0,0.0,0.0,0.0,0.0,0.0,285,firstorder,285
square_glcm_JointEntropy,0.0,0.0,0.0,0.0,0.0,0.0,0.0,0.0,286,glcm,286
wavelet-HLL_glcm_Imc2,0.0,0.0,0.0,0.0,0.0,0.0,0.0,0.0,252,glcm,287
lbp-3D-m1_firstorder_90Percentile,0.0,0.0,0.0,0.0,0.0,0.0,0.0,0.0,287,firstorder,288
lbp-3D-m2_glcm_Autocorrelation,0.0,0.0,0.0,0.0,0.0,0.0,0.0,0.0,288,glcm,289
lbp-3D-m2_firstorder_InterquartileRange,0.0,0.0,0.0,0.0,0.0,0.0,0.0,0.0,289,firstorder,290
wavelet-LHH_gldm_LargeDependenceEmphasis,0.0,0.0,0.0,0.0,0.0,0.0,0.0,0.0,290,gldm,291
wavelet-HLL_glcm_DifferenceAverage,0.0,0.0,0.0,0.0,0.0,0.0,0.0,0.0,291,glcm,292
log-sigma-5-0-mm-3D_gldm_LargeDependenceLowGrayLevelEmphasis,0.0,0.0,0.0,0.0,0.0,0.0,0.0,0.0,292,gldm,293
exponential_glcm_Correlation,0.0,0.0,0.0,0.0,0.0,0.0,0.0,0.0,293,glcm,294
lbp-3D-m2_glszm_GrayLevelVariance,0.0,0.0,0.0,0.0,0.0,0.0,0.0,0.0,294,glszm,295
wavelet-LHL_firstorder_Entropy,0.0,0.0,0.0,0.0,0.0,0.0,0.0,0.0,295,firstorder,296
exponential_gldm_DependenceEntropy,0.0,0.0,0.0,0.0,0.0,0.0,0.0,0.0,296,gldm,297
wavelet-LHH_firstorder_Entropy,0.0,0.0,0.0,0.0,0.0,0.0,0.0,0.0,297,firstorder,298
wavelet-HLH_firstorder_Skewness,0.0,0.0,0.0,0.0,0.0,0.0,0.0,0.0,298,firstorder,299
log-sigma-4-0-mm-3D_firstorder_Skewness,0.0,0.0,0.0,0.0,0.0,0.0,0.0,0.0,299,firstorder,300
log-sigma-5-0-mm-3D_firstorder_Kurtosis,0.0,0.0,0.0,0.0,0.0,0.0,0.0,0.0,300,firstorder,301
wavelet-LLL_glcm_JointEntropy,0.0,0.0,0.0,0.0,0.0,0.0,0.0,0.0,301,glcm,302
square_glszm_ZoneEntropy,0.0,0.0,0.0,0.0,0.0,0.0,0.0,0.0,302,glszm,303
wavelet-HLL_glcm_JointEntropy,0.0,0.0,0.0,0.0,0.0,0.0,0.0,0.0,303,glcm,304
lbp-3D-m2_firstorder_90Percentile,0.0,0.0,0.0,0.0,0.0,0.0,0.0,0.0,304,firstorder,305
exponential_glszm_GrayLevelNonUniformity,0.0,0.0,0.0,0.0,0.0,0.0,0.0,0.0,305,glszm,306
squareroot_glcm_JointEntropy,0.0,0.0,0.0,0.0,0.0,0.0,0.0,0.0,306,glcm,307
lbp-3D-m2_glrlm_ShortRunHighGrayLevelEmphasis,0.0,0.0,0.0,0.0,0.0,0.0,0.0,0.0,307,glrlm,308
original_firstorder_Skewness,0.0,0.0,0.0,0.0,0.0,0.0,0.0,0.0,308,firstorder,309
logarithm_gldm_LargeDependenceLowGrayLevelEmphasis,0.0,0.0,0.0,0.0,0.0,0.0,0.0,0.0,309,gldm,310
logarithm_gldm_GrayLevelNonUniformity,0.0,0.0,0.0,0.0,0.0,0.0,0.0,0.0,310,gldm,311
log-sigma-5-0-mm-3D_glszm_SizeZoneNonUniformity,0.0,0.0,0.0,0.0,0.0,0.0,0.0,0.0,311,glszm,312
lbp-3D-m2_glrlm_LongRunHighGrayLevelEmphasis,0.0,0.0,0.0,0.0,0.0,0.0,0.0,0.0,312,glrlm,313
wavelet-HHH_firstorder_Kurtosis,0.0,0.0,0.0,0.0,0.0,0.0,0.0,0.0,313,firstorder,314
square_glszm_GrayLevelNonUniformity,0.0,0.0,0.0,0.0,0.0,0.0,0.0,0.0,314,glszm,315
logarithm_gldm_LargeDependenceEmphasis,0.0,0.0,0.0,0.0,0.0,0.0,0.0,0.0,315,gldm,316
wavelet-HLL_gldm_LargeDependenceEmphasis,0.0,0.0,0.0,0.0,0.0,0.0,0.0,0.0,316,gldm,317
wavelet-LHL_firstorder_Kurtosis,0.0,0.0,0.0,0.0,0.0,0.0,0.0,0.0,317,firstorder,318
original_shape_Maximum2DDiameterColumn,0.0,0.0,0.0,0.0,0.0,0.0,0.0,0.0,318,shape,319
lbp-3D-m1_firstorder_Variance,0.0,0.0,0.0,0.0,0.0,0.0,0.0,0.0,319,firstorder,320
exponential_firstorder_Variance,0.0,0.0,0.0,0.0,0.0,0.0,0.0,0.0,320,firstorder,321
wavelet-LHH_firstorder_Median,0.0,0.0,0.0,0.0,0.0,0.0,0.0,0.0,321,firstorder,322
wavelet-HLH_gldm_LargeDependenceEmphasis,0.0,0.0,0.0,0.0,0.0,0.0,0.0,0.0,322,gldm,323
wavelet-HLH_firstorder_90Percentile,0.0,0.0,0.0,0.0,0.0,0.0,0.0,0.0,323,firstorder,324
square_glcm_DifferenceVariance,0.0,0.0,0.0,0.0,0.0,0.0,0.0,0.0,324,glcm,325
wavelet-HLH_firstorder_10Percentile,0.0,0.0,0.0,0.0,0.0,0.0,0.0,0.0,325,firstorder,326
gradient_glszm_GrayLevelVariance,0.0,0.0,0.0,0.0,0.0,0.0,0.0,0.0,326,glszm,327
log-sigma-5-0-mm-3D_glcm_Contrast,0.0,0.0,0.0,0.0,0.0,0.0,0.0,0.0,327,glcm,328
wavelet-HHL_gldm_LargeDependenceEmphasis,0.0,0.0,0.0,0.0,0.0,0.0,0.0,0.0,328,gldm,329
log-sigma-3-0-mm-3D_firstorder_Skewness,0.0,0.0,0.0,0.0,0.0,0.0,0.0,0.0,329,firstorder,330
wavelet-LHL_glszm_ZoneEntropy,0.0,0.0,0.0,0.0,0.0,0.0,0.0,0.0,330,glszm,331
wavelet-HLL_glszm_ZoneEntropy,0.0,0.0,0.0,0.0,0.0,0.0,0.0,0.0,331,glszm,332
lbp-3D-m1_firstorder_Skewness,0.0,0.0,0.0,0.0,0.0,0.0,0.0,0.0,332,firstorder,333
lbp-3D-k_gldm_DependenceEntropy,0.0,0.0,0.0,0.0,0.0,0.0,0.0,0.0,333,gldm,334
log-sigma-3-0-mm-3D_gldm_DependenceEntropy,0.0,0.0,0.0,0.0,0.0,0.0,0.0,0.0,334,gldm,335
square_gldm_DependenceEntropy,0.0,0.0,0.0,0.0,0.0,0.0,0.0,0.0,335,gldm,336
wavelet-LLH_glszm_ZoneEntropy,0.0,0.0,0.0,0.0,0.0,0.0,0.0,0.0,336,glszm,337
wavelet-HLH_glszm_ZoneEntropy,0.0,0.0,0.0,0.0,0.0,0.0,0.0,0.0,337,glszm,338
square_glrlm_RunEntropy,0.0,0.0,0.0,0.0,0.0,0.0,0.0,0.0,338,glrlm,339
exponential_firstorder_Median,0.0,0.0,0.0,0.0,0.0,0.0,0.0,0.0,339,firstorder,340
log-sigma-4-0-mm-3D_gldm_DependenceEntropy,0.0,0.0,0.0,0.0,0.0,0.0,0.0,0.0,340,gldm,341
exponential_glrlm_RunEntropy,0.0,0.0,0.0,0.0,0.0,0.0,0.0,0.0,341,glrlm,342
log-sigma-4-0-mm-3D_glszm_ZoneEntropy,0.0,0.0,0.0,0.0,0.0,0.0,0.0,0.0,342,glszm,343
log-sigma-5-0-mm-3D_glszm_ZoneEntropy,0.0,0.0,0.0,0.0,0.0,0.0,0.0,0.0,343,glszm,344
wavelet-LLH_glcm_SumEntropy,0.0,0.0,0.0,0.0,0.0,0.0,0.0,0.0,344,glcm,345
wavelet-HLH_glszm_SizeZoneNonUniformity,0.0,0.0,0.0,0.0,0.0,0.0,0.0,0.0,345,glszm,346
wavelet-HLL_firstorder_InterquartileRange,0.0,0.0,0.0,0.0,0.0,0.0,0.0,0.0,346,firstorder,347
wavelet-HLL_firstorder_10Percentile,0.0,0.0,0.0,0.0,0.0,0.0,0.0,0.0,347,firstorder,348
gradient_firstorder_Median,0.0,0.0,0.0,0.0,0.0,0.0,0.0,0.0,348,firstorder,349
log-sigma-3-0-mm-3D_gldm_LargeDependenceEmphasis,0.0,0.0,0.0,0.0,0.0,0.0,0.0,0.0,349,gldm,350
wavelet-HLL_firstorder_Kurtosis,0.0,0.0,0.0,0.0,0.0,0.0,0.0,0.0,350,firstorder,351
wavelet-LHL_firstorder_RootMeanSquared,0.0,0.0,0.0,0.0,0.0,0.0,0.0,0.0,351,firstorder,352
square_firstorder_Median,0.0,0.0,0.0,0.0,0.0,0.0,0.0,0.0,352,firstorder,353
gradient_firstorder_InterquartileRange,0.0,0.0,0.0,0.0,0.0,0.0,0.0,0.0,353,firstorder,354
square_glszm_SizeZoneNonUniformity,0.0,0.0,0.0,0.0,0.0,0.0,0.0,0.0,354,glszm,355
wavelet-HLL_firstorder_90Percentile,0.0,0.0,0.0,0.0,0.0,0.0,0.0,0.0,355,firstorder,356
exponential_glrlm_RunLengthNonUniformity,0.0,0.0,0.0,0.0,0.0,0.0,0.0,0.0,356,glrlm,357
gradient_gldm_SmallDependenceHighGrayLevelEmphasis,0.0,0.0,0.0,0.0,0.0,0.0,0.0,0.0,357,gldm,358
wavelet-HLL_gldm_GrayLevelNonUniformity,0.0,0.0,0.0,0.0,0.0,0.0,0.0,0.0,358,gldm,359
gradient_glszm_SmallAreaHighGrayLevelEmphasis,0.0,0.0,0.0,0.0,0.0,0.0,0.0,0.0,359,glszm,360
log-sigma-3-0-mm-3D_gldm_GrayLevelNonUniformity,0.0,0.0,0.0,0.0,0.0,0.0,0.0,0.0,360,gldm,361
log-sigma-4-0-mm-3D_glszm_SizeZoneNonUniformity,0.0,0.0,0.0,0.0,0.0,0.0,0.0,0.0,361,glszm,362
original_firstorder_Minimum,0.0,0.0,0.0,0.0,0.0,0.0,0.0,0.0,362,firstorder,363
wavelet-HLL_firstorder_Entropy,0.0,0.0,0.0,0.0,0.0,0.0,0.0,0.0,363,firstorder,364
wavelet-LHH_glcm_Imc1,0.0,0.0,0.0,0.0,0.0,0.0,0.0,0.0,364,glcm,365
log-sigma-4-0-mm-3D_glcm_MCC,0.0,0.0,0.0,0.0,0.0,0.0,0.0,0.0,365,glcm,366
wavelet-LLL_glcm_Imc1,0.0,0.0,0.0,0.0,0.0,0.0,0.0,0.0,366,glcm,367
wavelet-HLL_glcm_MCC,0.0,0.0,0.0,0.0,0.0,0.0,0.0,0.0,367,glcm,368
lbp-3D-m2_glrlm_RunEntropy,0.0,0.0,0.0,0.0,0.0,0.0,0.0,0.0,368,glrlm,369
log-sigma-4-0-mm-3D_gldm_LowGrayLevelEmphasis,0.0,0.0,0.0,0.0,0.0,0.0,0.0,0.0,245,gldm,370
wavelet-HLL_glcm_Correlation,0.0,0.0,0.0,0.0,0.0,0.0,0.0,0.0,370,glcm,371
exponential_firstorder_10Percentile,0.0,0.0,0.0,0.0,0.0,0.0,0.0,0.0,371,firstorder,372
gradient_glrlm_LongRunLowGrayLevelEmphasis,0.0,0.0,0.0,0.0,0.0,0.0,0.0,0.0,372,glrlm,373
lbp-3D-k_firstorder_Minimum,0.0,0.0,0.0,0.0,0.0,0.0,0.0,0.0,373,firstorder,374
lbp-3D-m1_gldm_DependenceEntropy,0.0,0.0,0.0,0.0,0.0,0.0,0.0,0.0,374,gldm,375
square_glcm_Imc2,0.0,0.0,0.0,0.0,0.0,0.0,0.0,0.0,375,glcm,376
log-sigma-3-0-mm-3D_glcm_Correlation,0.0,0.0,0.0,0.0,0.0,0.0,0.0,0.0,376,glcm,377
wavelet-HLL_gldm_DependenceEntropy,0.0,0.0,0.0,0.0,0.0,0.0,0.0,0.0,377,gldm,378
wavelet-HHH_gldm_DependenceEntropy,0.0,0.0,0.0,0.0,0.0,0.0,0.0,0.0,378,gldm,379
exponential_glszm_SmallAreaEmphasis,0.0,0.0,0.0,0.0,0.0,0.0,0.0,0.0,379,glszm,380
wavelet-HLH_gldm_DependenceEntropy,0.0,0.0,0.0,0.0,0.0,0.0,0.0,0.0,380,gldm,381
lbp-3D-m2_gldm_LargeDependenceHighGrayLevelEmphasis,0.0,0.0,0.0,0.0,0.0,0.0,0.0,0.0,381,gldm,382
wavelet-LLL_firstorder_InterquartileRange,0.0,0.0,0.0,0.0,0.0,0.0,0.0,0.0,382,firstorder,383
gradient_glrlm_LongRunHighGrayLevelEmphasis,0.0,0.0,0.0,0.0,0.0,0.0,0.0,0.0,383,glrlm,384
log-sigma-5-0-mm-3D_firstorder_InterquartileRange,0.0,0.0,0.0,0.0,0.0,0.0,0.0,0.0,384,firstorder,385
log-sigma-4-0-mm-3D_gldm_DependenceNonUniformity,0.0,0.0,0.0,0.0,0.0,0.0,0.0,0.0,385,gldm,386
wavelet-HHH_gldm_GrayLevelNonUniformity,0.0,0.0,0.0,0.0,0.0,0.0,0.0,0.0,386,gldm,387
wavelet-LLL_glcm_Idn,0.0,0.0,0.0,0.0,0.0,0.0,0.0,0.0,517,glcm,388
wavelet-LLH_firstorder_Median,0.0,0.0,0.0,0.0,0.0,0.0,0.0,0.0,388,firstorder,389
square_glrlm_LongRunHighGrayLevelEmphasis,0.0,0.0,0.0,0.0,0.0,0.0,0.0,0.0,389,glrlm,390
log-sigma-5-0-mm-3D_firstorder_90Percentile,0.0,0.0,0.0,0.0,0.0,0.0,0.0,0.0,390,firstorder,391
exponential_gldm_DependenceNonUniformity,0.0,0.0,0.0,0.0,0.0,0.0,0.0,0.0,391,gldm,392
gradient_gldm_GrayLevelNonUniformity,0.0,0.0,0.0,0.0,0.0,0.0,0.0,0.0,392,gldm,393
wavelet-HHH_firstorder_Maximum,0.0,0.0,0.0,0.0,0.0,0.0,0.0,0.0,393,firstorder,394
wavelet-HHH_glszm_SizeZoneNonUniformity,0.0,0.0,0.0,0.0,0.0,0.0,0.0,0.0,394,glszm,395
wavelet-HLL_glszm_LargeAreaEmphasis,0.0,0.0,0.0,0.0,0.0,0.0,0.0,0.0,395,glszm,396
wavelet-HHL_glszm_SizeZoneNonUniformity,0.0,0.0,0.0,0.0,0.0,0.0,0.0,0.0,396,glszm,397
wavelet-LHL_firstorder_InterquartileRange,0.0,0.0,0.0,0.0,0.0,0.0,0.0,0.0,397,firstorder,398
wavelet-LLH_firstorder_90Percentile,0.0,0.0,0.0,0.0,0.0,0.0,0.0,0.0,398,firstorder,399
logarithm_firstorder_Kurtosis,0.0,0.0,0.0,0.0,0.0,0.0,0.0,0.0,399,firstorder,400
square_firstorder_Range,0.0,0.0,0.0,0.0,0.0,0.0,0.0,0.0,400,firstorder,401
wavelet-LHH_glszm_SizeZoneNonUniformityNormalized,0.0,0.0,0.0,0.0,0.0,0.0,0.0,0.0,401,glszm,402
lbp-3D-m1_glrlm_LongRunLowGrayLevelEmphasis,0.0,0.0,0.0,0.0,0.0,0.0,0.0,0.0,402,glrlm,403
square_glszm_ZonePercentage,0.0,0.0,0.0,0.0,0.0,0.0,0.0,0.0,403,glszm,404
log-sigma-4-0-mm-3D_glcm_Idm,0.0,0.0,0.0,0.0,0.0,0.0,0.0,0.0,404,glcm,405
lbp-3D-m1_glszm_SmallAreaEmphasis,0.0,0.0,0.0,0.0,0.0,0.0,0.0,0.0,405,glszm,406
wavelet-LLH_glcm_Correlation,0.0,0.0,0.0,0.0,0.0,0.0,0.0,0.0,406,glcm,407
original_glszm_SizeZoneNonUniformityNormalized,0.0,0.0,0.0,0.0,0.0,0.0,0.0,0.0,407,glszm,408
wavelet-HHL_glszm_ZonePercentage,0.0,0.0,0.0,0.0,0.0,0.0,0.0,0.0,408,glszm,409
wavelet-HLH_gldm_LargeDependenceLowGrayLevelEmphasis,0.0,0.0,0.0,0.0,0.0,0.0,0.0,0.0,409,gldm,410
lbp-3D-m2_gldm_SmallDependenceHighGrayLevelEmphasis,0.0,0.0,0.0,0.0,0.0,0.0,0.0,0.0,410,gldm,411
log-sigma-5-0-mm-3D_glszm_ZonePercentage,0.0,0.0,0.0,0.0,0.0,0.0,0.0,0.0,411,glszm,412
log-sigma-3-0-mm-3D_glszm_ZonePercentage,0.0,0.0,0.0,0.0,0.0,0.0,0.0,0.0,412,glszm,413
wavelet-LHH_glcm_MCC,0.0,0.0,0.0,0.0,0.0,0.0,0.0,0.0,413,glcm,414
lbp-3D-k_glcm_ClusterProminence,0.0,0.0,0.0,0.0,0.0,0.0,0.0,0.0,414,glcm,415
gradient_glszm_ZonePercentage,0.0,0.0,0.0,0.0,0.0,0.0,0.0,0.0,415,glszm,416
wavelet-HLH_glcm_Idn,0.0,0.0,0.0,0.0,0.0,0.0,0.0,0.0,250,glcm,417
gradient_glcm_Imc2,0.0,0.0,0.0,0.0,0.0,0.0,0.0,0.0,417,glcm,418
lbp-3D-m2_glszm_GrayLevelNonUniformityNormalized,0.0,0.0,0.0,0.0,0.0,0.0,0.0,0.0,418,glszm,419
square_glcm_Imc1,0.0,0.0,0.0,0.0,0.0,0.0,0.0,0.0,419,glcm,420
square_glcm_InverseVariance,0.0,0.0,0.0,0.0,0.0,0.0,0.0,0.0,420,glcm,421
log-sigma-5-0-mm-3D_glcm_InverseVariance,0.0,0.0,0.0,0.0,0.0,0.0,0.0,0.0,421,glcm,422
square_glszm_LowGrayLevelZoneEmphasis,0.0,0.0,0.0,0.0,0.0,0.0,0.0,0.0,422,glszm,423
exponential_glcm_Imc1,0.0,0.0,0.0,0.0,0.0,0.0,0.0,0.0,423,glcm,424
wavelet-HLH_glcm_Imc1,0.0,0.0,0.0,0.0,0.0,0.0,0.0,0.0,424,glcm,425
square_glszm_GrayLevelNonUniformityNormalized,0.0,0.0,0.0,0.0,0.0,0.0,0.0,0.0,425,glszm,426
wavelet-HHL_glcm_Imc1,0.0,0.0,0.0,0.0,0.0,0.0,0.0,0.0,426,glcm,427
wavelet-LLH_glszm_SizeZoneNonUniformityNormalized,0.0,0.0,0.0,0.0,0.0,0.0,0.0,0.0,427,glszm,428
wavelet-HLH_glszm_SizeZoneNonUniformityNormalized,0.0,0.0,0.0,0.0,0.0,0.0,0.0,0.0,428,glszm,429
log-sigma-5-0-mm-3D_glcm_MaximumProbability,0.0,0.0,0.0,0.0,0.0,0.0,0.0,0.0,369,glcm,430
wavelet-HLL_glcm_Imc1,0.0,0.0,0.0,0.0,0.0,0.0,0.0,0.0,430,glcm,431
log-sigma-5-0-mm-3D_glcm_Imc2,0.0,0.0,0.0,0.0,0.0,0.0,0.0,0.0,431,glcm,432
log-sigma-4-0-mm-3D_glszm_SmallAreaEmphasis,0.0,0.0,0.0,0.0,0.0,0.0,0.0,0.0,432,glszm,433
wavelet-HHL_glcm_Imc2,0.0,0.0,0.0,0.0,0.0,0.0,0.0,0.0,433,glcm,434
lbp-3D-m1_glszm_LowGrayLevelZoneEmphasis,0.0,0.0,0.0,0.0,0.0,0.0,0.0,0.0,434,glszm,435
square_glszm_LargeAreaEmphasis,0.0,0.0,0.0,0.0,0.0,0.0,0.0,0.0,435,glszm,436
exponential_firstorder_Kurtosis,0.0,0.0,0.0,0.0,0.0,0.0,0.0,0.0,436,firstorder,437
wavelet-LHL_glszm_SizeZoneNonUniformity,0.0,0.0,0.0,0.0,0.0,0.0,0.0,0.0,437,glszm,438
wavelet-HHH_firstorder_Range,0.0,0.0,0.0,0.0,0.0,0.0,0.0,0.0,438,firstorder,439
wavelet-HLH_glszm_LargeAreaEmphasis,0.0,0.0,0.0,0.0,0.0,0.0,0.0,0.0,439,glszm,440
original_glszm_SizeZoneNonUniformity,0.0,0.0,0.0,0.0,0.0,0.0,0.0,0.0,440,glszm,441
wavelet-LLL_firstorder_Minimum,0.0,0.0,0.0,0.0,0.0,0.0,0.0,0.0,441,firstorder,442
wavelet-LLH_glszm_SizeZoneNonUniformity,0.0,0.0,0.0,0.0,0.0,0.0,0.0,0.0,442,glszm,443
wavelet-HLL_glcm_ClusterTendency,0.0,0.0,0.0,0.0,0.0,0.0,0.0,0.0,443,glcm,444
wavelet-HLH_firstorder_Range,0.0,0.0,0.0,0.0,0.0,0.0,0.0,0.0,444,firstorder,445
exponential_gldm_LargeDependenceLowGrayLevelEmphasis,0.0,0.0,0.0,0.0,0.0,0.0,0.0,0.0,445,gldm,446
wavelet-LHH_glszm_SizeZoneNonUniformity,0.0,0.0,0.0,0.0,0.0,0.0,0.0,0.0,446,glszm,447
logarithm_firstorder_Minimum,0.0,0.0,0.0,0.0,0.0,0.0,0.0,0.0,447,firstorder,448
squareroot_firstorder_Median,0.0,0.0,0.0,0.0,0.0,0.0,0.0,0.0,448,firstorder,449
square_glrlm_RunLengthNonUniformity,0.0,0.0,0.0,0.0,0.0,0.0,0.0,0.0,449,glrlm,450
wavelet-LHL_firstorder_Maximum,0.0,0.0,0.0,0.0,0.0,0.0,0.0,0.0,450,firstorder,451
logarithm_glszm_SizeZoneNonUniformity,0.0,0.0,0.0,0.0,0.0,0.0,0.0,0.0,451,glszm,452
wavelet-LLH_firstorder_Maximum,0.0,0.0,0.0,0.0,0.0,0.0,0.0,0.0,452,firstorder,453
log-sigma-5-0-mm-3D_glcm_Idn,0.0,0.0,0.0,0.0,0.0,0.0,0.0,0.0,387,glcm,454
logarithm_firstorder_Range,0.0,0.0,0.0,0.0,0.0,0.0,0.0,0.0,455,firstorder,455
log-sigma-3-0-mm-3D_glcm_Idmn,0.0,0.0,0.0,0.0,0.0,0.0,0.0,0.0,416,glcm,456
wavelet-LHH_glrlm_LongRunHighGrayLevelEmphasis,0.0,0.0,0.0,0.0,0.0,0.0,0.0,0.0,457,glrlm,457
gradient_glszm_LargeAreaHighGrayLevelEmphasis,0.0,0.0,0.0,0.0,0.0,0.0,0.0,0.0,458,glszm,458
log-sigma-4-0-mm-3D_gldm_LargeDependenceHighGrayLevelEmphasis,0.0,0.0,0.0,0.0,0.0,0.0,0.0,0.0,459,gldm,459
wavelet-LLH_glcm_Contrast,0.0,0.0,0.0,0.0,0.0,0.0,0.0,0.0,460,glcm,460
wavelet-LHL_glcm_Imc2,0.0,0.0,0.0,0.0,0.0,0.0,0.0,0.0,236,glcm,461
gradient_glcm_Imc1,0.0,0.0,0.0,0.0,0.0,0.0,0.0,0.0,462,glcm,462
lbp-3D-k_gldm_SmallDependenceLowGrayLevelEmphasis,0.0,0.0,0.0,0.0,0.0,0.0,0.0,0.0,463,gldm,463
wavelet-HHL_gldm_SmallDependenceLowGrayLevelEmphasis,0.0,0.0,0.0,0.0,0.0,0.0,0.0,0.0,464,gldm,464
wavelet-LHH_gldm_SmallDependenceLowGrayLevelEmphasis,0.0,0.0,0.0,0.0,0.0,0.0,0.0,0.0,465,gldm,465
wavelet-HLL_gldm_SmallDependenceLowGrayLevelEmphasis,0.0,0.0,0.0,0.0,0.0,0.0,0.0,0.0,466,gldm,466
wavelet-LLL_glcm_ClusterProminence,0.0,0.0,0.0,0.0,0.0,0.0,0.0,0.0,467,glcm,467
wavelet-LHH_glszm_LowGrayLevelZoneEmphasis,0.0,0.0,0.0,0.0,0.0,0.0,0.0,0.0,468,glszm,468
wavelet-LHH_gldm_LargeDependenceHighGrayLevelEmphasis,0.0,0.0,0.0,0.0,0.0,0.0,0.0,0.0,429,gldm,469
log-sigma-3-0-mm-3D_gldm_SmallDependenceLowGrayLevelEmphasis,0.0,0.0,0.0,0.0,0.0,0.0,0.0,0.0,470,gldm,470
wavelet-HLH_gldm_SmallDependenceLowGrayLevelEmphasis,0.0,0.0,0.0,0.0,0.0,0.0,0.0,0.0,471,gldm,471
original_glcm_MaximumProbability,0.0,0.0,0.0,0.0,0.0,0.0,0.0,0.0,472,glcm,472
gradient_gldm_SmallDependenceLowGrayLevelEmphasis,0.0,0.0,0.0,0.0,0.0,0.0,0.0,0.0,473,gldm,473
wavelet-HLL_glcm_JointEnergy,0.0,0.0,0.0,0.0,0.0,0.0,0.0,0.0,474,glcm,474
wavelet-LHL_glcm_MaximumProbability,0.0,0.0,0.0,0.0,0.0,0.0,0.0,0.0,475,glcm,475
wavelet-LLL_firstorder_Uniformity,0.0,0.0,0.0,0.0,0.0,0.0,0.0,0.0,476,firstorder,476
exponential_glszm_ZonePercentage,0.0,0.0,0.0,0.0,0.0,0.0,0.0,0.0,477,glszm,477
lbp-3D-k_glszm_ZonePercentage,0.0,0.0,0.0,0.0,0.0,0.0,0.0,0.0,478,glszm,478
log-sigma-3-0-mm-3D_glszm_SmallAreaLowGrayLevelEmphasis,0.0,0.0,0.0,0.0,0.0,0.0,0.0,0.0,479,glszm,479
exponential_glcm_Idmn,0.0,0.0,0.0,0.0,0.0,0.0,0.0,0.0,480,glcm,480
squareroot_glszm_SmallAreaLowGrayLevelEmphasis,0.0,0.0,0.0,0.0,0.0,0.0,0.0,0.0,481,glszm,481
square_gldm_SmallDependenceLowGrayLevelEmphasis,0.0,0.0,0.0,0.0,0.0,0.0,0.0,0.0,482,gldm,482
original_glszm_SmallAreaLowGrayLevelEmphasis,0.0,0.0,0.0,0.0,0.0,0.0,0.0,0.0,483,glszm,483
wavelet-HLL_glcm_ClusterShade,0.0,0.0,0.0,0.0,0.0,0.0,0.0,0.0,454,glcm,484
wavelet-HHH_glszm_GrayLevelNonUniformityNormalized,0.0,0.0,0.0,0.0,0.0,0.0,0.0,0.0,461,glszm,485
wavelet-HLH_gldm_LargeDependenceHighGrayLevelEmphasis,0.0,0.0,0.0,0.0,0.0,0.0,0.0,0.0,469,gldm,486
wavelet-LHH_firstorder_Variance,0.0,0.0,0.0,0.0,0.0,0.0,0.0,0.0,484,firstorder,487
square_glszm_LargeAreaHighGrayLevelEmphasis,0.0,0.0,0.0,0.0,0.0,0.0,0.0,0.0,456,glszm,488
wavelet-HLH_glszm_LargeAreaHighGrayLevelEmphasis,0.0,0.0,0.0,0.0,0.0,0.0,0.0,0.0,487,glszm,489
lbp-3D-m1_glszm_LargeAreaHighGrayLevelEmphasis,0.0,0.0,0.0,0.0,0.0,0.0,0.0,0.0,488,glszm,490
log-sigma-3-0-mm-3D_glszm_LargeAreaHighGrayLevelEmphasis,0.0,0.0,0.0,0.0,0.0,0.0,0.0,0.0,489,glszm,491
log-sigma-5-0-mm-3D_glszm_LargeAreaHighGrayLevelEmphasis,0.0,0.0,0.0,0.0,0.0,0.0,0.0,0.0,490,glszm,492
gradient_glszm_GrayLevelNonUniformityNormalized,0.0,0.0,0.0,0.0,0.0,0.0,0.0,0.0,244,glszm,493
wavelet-LLH_glcm_ClusterShade,0.0,0.0,0.0,0.0,0.0,0.0,0.0,0.0,492,glcm,494
square_glcm_ClusterProminence,0.0,0.0,0.0,0.0,0.0,0.0,0.0,0.0,228,glcm,495
wavelet-HHL_glszm_LargeAreaHighGrayLevelEmphasis,0.0,0.0,0.0,0.0,0.0,0.0,0.0,0.0,494,glszm,496
lbp-3D-m2_glszm_LargeAreaHighGrayLevelEmphasis,0.0,0.0,0.0,0.0,0.0,0.0,0.0,0.0,495,glszm,497
exponential_glszm_ZoneVariance,0.0,0.0,0.0,0.0,0.0,0.0,0.0,0.0,496,glszm,498
wavelet-HHH_glszm_LargeAreaHighGrayLevelEmphasis,0.0,0.0,0.0,0.0,0.0,0.0,0.0,0.0,497,glszm,499
wavelet-LHH_glcm_ClusterProminence,0.0,0.0,0.0,0.0,0.0,0.0,0.0,0.0,498,glcm,500
exponential_glszm_LargeAreaLowGrayLevelEmphasis,0.0,0.0,0.0,0.0,0.0,0.0,0.0,0.0,499,glszm,501
wavelet-LHL_glrlm_GrayLevelNonUniformity,0.0,0.0,0.0,0.0,0.0,0.0,0.0,0.0,500,glrlm,502
original_shape_LeastAxisLength,0.0,0.0,0.0,0.0,0.0,0.0,0.0,0.0,501,shape,503
lbp-3D-m2_glszm_SizeZoneNonUniformity,0.0,0.0,0.0,0.0,0.0,0.0,0.0,0.0,502,glszm,504
original_gldm_LargeDependenceEmphasis,0.0,0.0,0.0,0.0,0.0,0.0,0.0,0.0,503,gldm,505
lbp-3D-m2_gldm_LargeDependenceLowGrayLevelEmphasis,0.0,0.0,0.0,0.0,0.0,0.0,0.0,0.0,504,gldm,506
log-sigma-5-0-mm-3D_gldm_DependenceVariance,0.0,0.0,0.0,0.0,0.0,0.0,0.0,0.0,505,gldm,507
log-sigma-3-0-mm-3D_glszm_GrayLevelNonUniformity,0.0,0.0,0.0,0.0,0.0,0.0,0.0,0.0,506,glszm,508
lbp-3D-m2_gldm_DependenceVariance,0.0,0.0,0.0,0.0,0.0,0.0,0.0,0.0,507,gldm,509
lbp-3D-k_glrlm_LongRunHighGrayLevelEmphasis,0.0,0.0,0.0,0.0,0.0,0.0,0.0,0.0,515,glrlm,510
wavelet-HHH_gldm_DependenceVariance,0.0,0.0,0.0,0.0,0.0,0.0,0.0,0.0,509,gldm,511
log-sigma-5-0-mm-3D_glszm_GrayLevelNonUniformity,0.0,0.0,0.0,0.0,0.0,0.0,0.0,0.0,510,glszm,512
log-sigma-4-0-mm-3D_glszm_GrayLevelNonUniformity,0.0,0.0,0.0,0.0,0.0,0.0,0.0,0.0,511,glszm,513
wavelet-LHL_glszm_LargeAreaEmphasis,0.0,0.0,0.0,0.0,0.0,0.0,0.0,0.0,512,glszm,514
wavelet-HLH_firstorder_Kurtosis,0.0,0.0,0.0,0.0,0.0,0.0,0.0,0.0,513,firstorder,515
lbp-3D-m1_glrlm_LongRunHighGrayLevelEmphasis,0.0,0.0,0.0,0.0,0.0,0.0,0.0,0.0,514,glrlm,516
wavelet-HLL_glcm_Idn,0.0,0.0,0.0,0.0,0.0,0.0,0.0,0.0,493,glcm,517
