Model1,Model2,Metric,Value_Model1,Value_Model2,Difference,CI_Lower,CI_Upper,SE,P_Value,Significance,P_bootstrap,Significance_bootstrap,CI_excludes_0
DecisionTree,RandomForest,macro_AUC,0.8282302333722346,0.9414385957185081,-0.11320836234627352,-0.16406844557562927,-0.06640810654715729,0.02601371681593245,1.349801439354259e-05,***,0.0,***,True
DecisionTree,CatBoost,macro_AUC,0.8282302333722346,0.9363060656085933,-0.10807583223635875,-0.15974923275257583,-0.06358758324327997,0.025536121687276335,2.3134160528126557e-05,***,0.0,***,True
RandomForest,Lasso,macro_AUC,0.9414385957185081,0.8483331478262057,0.09310544789230235,0.03807552021317629,0.1501129400392327,0.02839404973547605,0.0010415797127143467,**,0.0,***,True
RandomForest,MultinomialLogistic,macro_AUC,0.9414385957185081,0.8764674939439144,0.06497110177459364,0.02912202990418601,0.10743895940484867,0.019917168403098182,0.0011060370439559541,**,0.0,***,True
DecisionTree,NaiveBayes,macro_AUC,0.8282302333722346,0.9145936846048823,-0.08636345123264777,-0.13819693331546845,-0.036621483578651186,0.026475406450321884,0.0011061918839680995,**,0.0,***,True
RandomForest,NeuralNetwork,macro_AUC,0.9414385957185081,0.8942284523675003,0.047210143351007816,0.018602583630822598,0.07634719096845001,0.015064194746910581,0.001724815479893227,**,0.0,***,True
MultinomialLogistic,CatBoost,macro_AUC,0.8764674939439144,0.9363060656085933,-0.059838571664678875,-0.09847318842732103,-0.0249227921662775,0.01912867023550818,0.0017587215319045946,**,0.0,***,True
RandomForest,Ridge,macro_AUC,0.9414385957185081,0.893330619542916,0.04810797617559204,0.020794454144929593,0.08118027619705101,0.015508575368325297,0.0019220224216771609,**,0.0,***,True
Lasso,CatBoost,macro_AUC,0.8483331478262057,0.9363060656085933,-0.08797291778238758,-0.14539920190987693,-0.0331612346741052,0.02841971401425882,0.001964885287878859,**,0.002,**,True
Ridge,CatBoost,macro_AUC,0.893330619542916,0.9363060656085933,-0.04297544606567727,-0.07302154026637923,-0.016534794667826095,0.0147215439469761,0.003509069064823178,**,0.004,**,True
NeuralNetwork,CatBoost,macro_AUC,0.8942284523675003,0.9363060656085933,-0.04207761324109305,-0.07161336295779713,-0.014754898494724288,0.015035924822304505,0.005134503538508861,**,0.004,**,True
RandomForest,XGBoost,macro_AUC,0.9414385957185081,0.8980121684083848,0.04342642731012325,0.015352620357276997,0.07677941517785486,0.015972505012631956,0.006551449048317615,**,0.0,***,True
Ridge,MultinomialLogistic,macro_AUC,0.893330619542916,0.8764674939439144,0.016863125599001605,0.004863371396906824,0.029947733269294643,0.006310911076438023,0.0075387432927980225,**,0.006,**,True
Lasso,Ridge,macro_AUC,0.8483331478262057,0.893330619542916,-0.04499747171671031,-0.07878185524804102,-0.011149926793872259,0.017768943691422356,0.011329561232992447,*,0.006,**,True
XGBoost,CatBoost,macro_AUC,0.8980121684083848,0.9363060656085933,-0.03829389720020848,-0.07132152090806425,-0.01080610421015438,0.01576159165465039,0.015116727076307956,*,0.01,*,True
RandomForest,NaiveBayes,macro_AUC,0.9414385957185081,0.9145936846048823,0.026844911113625747,0.0049205944804920024,0.04947934721419302,0.011170850991822832,0.016255789704147316,*,0.012,*,True
DecisionTree,Ridge,macro_AUC,0.8282302333722346,0.893330619542916,-0.06510038617068148,-0.12204583802473912,-0.014262196638186536,0.028697329749331372,0.023297701794649406,*,0.02,*,True
DecisionTree,XGBoost,macro_AUC,0.8282302333722346,0.8980121684083848,-0.06978193503615027,-0.13357234278784982,-0.011054392400236156,0.03100875654327135,0.024423914124073853,*,0.026,*,True
DecisionTree,NeuralNetwork,macro_AUC,0.8282302333722346,0.8942284523675003,-0.0659982189952657,-0.1269216551431704,-0.011173712136092633,0.029495849062110155,0.02525089788630641,*,0.018,*,True
RandomForest,KNN,macro_AUC,0.9414385957185081,0.8857997086760161,0.05563888704249198,0.009885722966911726,0.10772801535978516,0.025133096573479164,0.02684462712530067,*,0.008,**,True
Lasso,NaiveBayes,macro_AUC,0.8483331478262057,0.9145936846048823,-0.0662605367786766,-0.12724874804554753,-0.005154213621763502,0.03065219800618375,0.030642111993192778,*,0.026,*,True
NaiveBayes,CatBoost,macro_AUC,0.9145936846048823,0.9363060656085933,-0.02171238100371098,-0.04209101492638045,-0.0003734981120588393,0.010344695976401055,0.03582658097294944,*,0.048,*,True
XGBoost,Lasso,macro_AUC,0.8980121684083848,0.8483331478262057,0.0496790205821791,0.004973532636860019,0.0962556400423638,0.023815107224297874,0.03697593433948976,*,0.026,*,True
KNN,CatBoost,macro_AUC,0.8857997086760161,0.9363060656085933,-0.05050635693257721,-0.10351368940483531,-0.004594604985548301,0.024974946734335583,0.04314734409499277,*,0.032,*,True
Lasso,MultinomialLogistic,macro_AUC,0.8483331478262057,0.8764674939439144,-0.02813434611770871,-0.05791361849680178,0.00011398596982203838,0.014870634333001786,0.0584989916480716,ns,0.052,ns,False
MultinomialLogistic,NaiveBayes,macro_AUC,0.8764674939439144,0.9145936846048823,-0.038126190660967896,-0.08328478430540401,0.0034496401610511133,0.022170491478575333,0.08549029814698894,ns,0.076,ns,False
DecisionTree,KNN,macro_AUC,0.8282302333722346,0.8857997086760161,-0.05756947530378154,-0.12923795299360408,0.012532042550399795,0.036206937539546624,0.11183203708358436,ns,0.116,ns,False
DecisionTree,MultinomialLogistic,macro_AUC,0.8282302333722346,0.8764674939439144,-0.048237260571679874,-0.10847597462045239,0.009119627326123154,0.030873657866397043,0.1181918233602941,ns,0.108,ns,False
Lasso,KNN,macro_AUC,0.8483331478262057,0.8857997086760161,-0.03746656084981037,-0.08878817535872825,0.0062479052032993225,0.024049924144626304,0.11926499950321845,ns,0.082,ns,False
NeuralNetwork,NaiveBayes,macro_AUC,0.8942284523675003,0.9145936846048823,-0.02036523223738207,-0.04909873402083624,0.005849588795027962,0.014259251519959793,0.15323088591020495,ns,0.156,ns,False
Lasso,NeuralNetwork,macro_AUC,0.8483331478262057,0.8942284523675003,-0.045895304541294535,-0.1120696042390305,0.01975370194118431,0.0338451418202149,0.17508702027194079,ns,0.186,ns,False
XGBoost,MultinomialLogistic,macro_AUC,0.8980121684083848,0.8764674939439144,0.021544674464470392,-0.011820683457583431,0.056865112061887796,0.01708225006910127,0.20722539813824192,ns,0.194,ns,False
Ridge,NaiveBayes,macro_AUC,0.893330619542916,0.9145936846048823,-0.02126306506196629,-0.058987383492401846,0.011256267240826541,0.01806276803618914,0.23912508824839374,ns,0.232,ns,False
KNN,NaiveBayes,macro_AUC,0.8857997086760161,0.9145936846048823,-0.028793975928866233,-0.0864807908485611,0.023432683760684806,0.028676310226013652,0.31532885524914267,ns,0.324,ns,False
XGBoost,KNN,macro_AUC,0.8980121684083848,0.8857997086760161,0.01221245973236873,-0.01360627752019957,0.04096612620266644,0.01391666435015336,0.38019222828395893,ns,0.38,ns,False
RandomForest,CatBoost,macro_AUC,0.9414385957185081,0.9363060656085933,0.005132530109914768,-0.006622820777406021,0.016591622460181955,0.005994442853586205,0.39187903112771094,ns,0.43,ns,False
XGBoost,NaiveBayes,macro_AUC,0.8980121684083848,0.9145936846048823,-0.016581516196497503,-0.05773061664795856,0.019615168548417626,0.020642346522889453,0.42181481640611707,ns,0.438,ns,False
NeuralNetwork,MultinomialLogistic,macro_AUC,0.8942284523675003,0.8764674939439144,0.017760958423585826,-0.03145095033978234,0.07074081834885117,0.02590682564250273,0.49298391602743097,ns,0.48,ns,False
DecisionTree,Lasso,macro_AUC,0.8282302333722346,0.8483331478262057,-0.020102914453971166,-0.09214034675546927,0.04832798351982066,0.036287485919268295,0.5795854984604702,ns,0.584,ns,False
MultinomialLogistic,KNN,macro_AUC,0.8764674939439144,0.8857997086760161,-0.009332214732101662,-0.04693293397376048,0.0333564058899959,0.019824456370789646,0.6378246096988596,ns,0.602,ns,False
Ridge,KNN,macro_AUC,0.893330619542916,0.8857997086760161,0.0075309108668999425,-0.029514039549323644,0.05022341435023548,0.01973017414046244,0.7026875322074035,ns,0.7,ns,False
XGBoost,Ridge,macro_AUC,0.8980121684083848,0.893330619542916,0.004681548865468788,-0.02337166439696397,0.03220024868423265,0.014674377249415074,0.749704678871574,ns,0.754,ns,False
NeuralNetwork,KNN,macro_AUC,0.8942284523675003,0.8857997086760161,0.008428743691484164,-0.05021602083974904,0.07204522998255743,0.030668192475023573,0.7834417290352598,ns,0.836,ns,False
XGBoost,NeuralNetwork,macro_AUC,0.8980121684083848,0.8942284523675003,0.003783716040884566,-0.044101278862306484,0.04744784606096694,0.023058021257303676,0.8696560150199049,ns,0.838,ns,False
Ridge,NeuralNetwork,macro_AUC,0.893330619542916,0.8942284523675003,-0.0008978328245842215,-0.04373767172847864,0.04091999934078714,0.021625912815918497,0.9668841164199382,ns,0.94,ns,False
